{"_id":"balanced-match","_rev":"22-434d0b682b34f635d5bc929ca9e46803","name":"balanced-match","description":"Match balanced character pairs, like \"{\" and \"}\"","dist-tags":{"latest":"0.4.2"},"versions":{"0.0.0":{"name":"balanced-match","description":"Match balanced character pairs, like \"{\" and \"}\"","version":"0.0.0","repository":{"type":"git","url":"git://github.com/juliangruber/balanced-match.git"},"homepage":"https://github.com/juliangruber/balanced-match","main":"index.js","scripts":{"test":"tape test/*.js"},"dependencies":{},"devDependencies":{"tape":"~1.1.1"},"keywords":["match","regexp","test","balanced","parse"],"author":{"name":"Julian Gruber","email":"mail@juliangruber.com","url":"http://juliangruber.com"},"license":"MIT","bugs":{"url":"https://github.com/juliangruber/balanced-match/issues"},"_id":"balanced-match@0.0.0","dist":{"shasum":"86efc32ae583496c1c1fbb51cd648de0363ebb03","tarball":"https://registry.npmjs.org/balanced-match/-/balanced-match-0.0.0.tgz"},"_from":".","_npmVersion":"1.3.11","_npmUser":{"name":"juliangruber","email":"julian@juliangruber.com"},"maintainers":[{"name":"juliangruber","email":"julian@juliangruber.com"}],"directories":{}},"0.0.1":{"name":"balanced-match","description":"Match balanced character pairs, like \"{\" and \"}\"","version":"0.0.1","repository":{"type":"git","url":"git://github.com/juliangruber/balanced-match.git"},"homepage":"https://github.com/juliangruber/balanced-match","main":"index.js","scripts":{"test":"tape test/*.js"},"dependencies":{},"devDependencies":{"tape":"~1.1.1"},"keywords":["match","regexp","test","balanced","parse"],"author":{"name":"Julian Gruber","email":"mail@juliangruber.com","url":"http://juliangruber.com"},"license":"MIT","testling":{"files":"test/*.js","browsers":["ie/8..latest","firefox/20..latest","firefox/nightly","chrome/25..latest","chrome/canary","opera/12..latest","opera/next","safari/5.1..latest","ipad/6.0..latest","iphone/6.0..latest","android-browser/4.2..latest"]},"bugs":{"url":"https://github.com/juliangruber/balanced-match/issues"},"_id":"balanced-match@0.0.1","dist":{"shasum":"2c408589c3288fc8a152c535ed853f77763899ae","tarball":"https://registry.npmjs.org/balanced-match/-/balanced-match-0.0.1.tgz"},"_from":".","_npmVersion":"1.3.11","_npmUser":{"name":"juliangruber","email":"julian@juliangruber.com"},"maintainers":[{"name":"juliangruber","email":"julian@juliangruber.com"}],"directories":{}},"0.1.0":{"name":"balanced-match","description":"Match balanced character pairs, like \"{\" and \"}\"","version":"0.1.0","repository":{"type":"git","url":"git://github.com/juliangruber/balanced-match.git"},"homepage":"https://github.com/juliangruber/balanced-match","main":"index.js","scripts":{"test":"make test"},"dependencies":{},"devDependencies":{"tape":"~1.1.1"},"keywords":["match","regexp","test","balanced","parse"],"author":{"name":"Julian Gruber","email":"mail@juliangruber.com","url":"http://juliangruber.com"},"license":"MIT","testling":{"files":"test/*.js","browsers":["ie/8..latest","firefox/20..latest","firefox/nightly","chrome/25..latest","chrome/canary","opera/12..latest","opera/next","safari/5.1..latest","ipad/6.0..latest","iphone/6.0..latest","android-browser/4.2..latest"]},"bugs":{"url":"https://github.com/juliangruber/balanced-match/issues"},"_id":"balanced-match@0.1.0","dist":{"shasum":"b504bd05869b39259dd0c5efc35d843176dccc4a","tarball":"https://registry.npmjs.org/balanced-match/-/balanced-match-0.1.0.tgz"},"_from":".","_npmVersion":"1.4.3","_npmUser":{"name":"juliangruber","email":"julian@juliangruber.com"},"maintainers":[{"name":"juliangruber","email":"julian@juliangruber.com"}],"directories":{}},"0.2.0":{"name":"balanced-match","description":"Match balanced character pairs, like \"{\" and \"}\"","version":"0.2.0","repository":{"type":"git","url":"git://github.com/juliangruber/balanced-match.git"},"homepage":"https://github.com/juliangruber/balanced-match","main":"index.js","scripts":{"test":"make test"},"dependencies":{},"devDependencies":{"tape":"~1.1.1"},"keywords":["match","regexp","test","balanced","parse"],"author":{"name":"Julian Gruber","email":"mail@juliangruber.com","url":"http://juliangruber.com"},"license":"MIT","testling":{"files":"test/*.js","browsers":["ie/8..latest","firefox/20..latest","firefox/nightly","chrome/25..latest","chrome/canary","opera/12..latest","opera/next","safari/5.1..latest","ipad/6.0..latest","iphone/6.0..latest","android-browser/4.2..latest"]},"gitHead":"ba40ed78e7114a4a67c51da768a100184dead39c","bugs":{"url":"https://github.com/juliangruber/balanced-match/issues"},"_id":"balanced-match@0.2.0","_shasum":"38f6730c03aab6d5edbb52bd934885e756d71674","_from":".","_npmVersion":"2.1.8","_nodeVersion":"0.10.32","_npmUser":{"name":"juliangruber","email":"julian@juliangruber.com"},"maintainers":[{"name":"juliangruber","email":"julian@juliangruber.com"}],"dist":{"shasum":"38f6730c03aab6d5edbb52bd934885e756d71674","tarball":"https://registry.npmjs.org/balanced-match/-/balanced-match-0.2.0.tgz"},"directories":{}},"0.2.1":{"name":"balanced-match","description":"Match balanced character pairs, like \"{\" and \"}\"","version":"0.2.1","repository":{"type":"git","url":"git://github.com/juliangruber/balanced-match.git"},"homepage":"https://github.com/juliangruber/balanced-match","main":"index.js","scripts":{"test":"make test"},"dependencies":{},"devDependencies":{"tape":"~1.1.1"},"keywords":["match","regexp","test","balanced","parse"],"author":{"name":"Julian Gruber","email":"mail@juliangruber.com","url":"http://juliangruber.com"},"license":"MIT","testling":{"files":"test/*.js","browsers":["ie/8..latest","firefox/20..latest","firefox/nightly","chrome/25..latest","chrome/canary","opera/12..latest","opera/next","safari/5.1..latest","ipad/6.0..latest","iphone/6.0..latest","android-browser/4.2..latest"]},"gitHead":"d743dd31d7376e0fcf99392a4be7227f2e99bf5d","bugs":{"url":"https://github.com/juliangruber/balanced-match/issues"},"_id":"balanced-match@0.2.1","_shasum":"7bc658b4bed61eee424ad74f75f5c3e2c4df3cc7","_from":".","_npmVersion":"2.14.7","_nodeVersion":"4.2.1","_npmUser":{"name":"juliangruber","email":"julian@juliangruber.com"},"dist":{"shasum":"7bc658b4bed61eee424ad74f75f5c3e2c4df3cc7","tarball":"https://registry.npmjs.org/balanced-match/-/balanced-match-0.2.1.tgz"},"maintainers":[{"name":"juliangruber","email":"julian@juliangruber.com"}],"directories":{}},"0.3.0":{"name":"balanced-match","description":"Match balanced character pairs, like \"{\" and \"}\"","version":"0.3.0","repository":{"type":"git","url":"git://github.com/juliangruber/balanced-match.git"},"homepage":"https://github.com/juliangruber/balanced-match","main":"index.js","scripts":{"test":"make test"},"dependencies":{},"devDependencies":{"tape":"~4.2.2"},"keywords":["match","regexp","test","balanced","parse"],"author":{"name":"Julian Gruber","email":"mail@juliangruber.com","url":"http://juliangruber.com"},"license":"MIT","testling":{"files":"test/*.js","browsers":["ie/8..latest","firefox/20..latest","firefox/nightly","chrome/25..latest","chrome/canary","opera/12..latest","opera/next","safari/5.1..latest","ipad/6.0..latest","iphone/6.0..latest","android-browser/4.2..latest"]},"gitHead":"a7114b0986554787e90b7ac595a043ca75ea77e5","bugs":{"url":"https://github.com/juliangruber/balanced-match/issues"},"_id":"balanced-match@0.3.0","_shasum":"a91cdd1ebef1a86659e70ff4def01625fc2d6756","_from":".","_npmVersion":"2.14.7","_nodeVersion":"4.2.1","_npmUser":{"name":"juliangruber","email":"julian@juliangruber.com"},"dist":{"shasum":"a91cdd1ebef1a86659e70ff4def01625fc2d6756","tarball":"https://registry.npmjs.org/balanced-match/-/balanced-match-0.3.0.tgz"},"maintainers":[{"name":"juliangruber","email":"julian@juliangruber.com"}],"directories":{}},"0.4.0":{"name":"balanced-match","description":"Match balanced character pairs, like \"{\" and \"}\"","version":"0.4.0","repository":{"type":"git","url":"git://github.com/juliangruber/balanced-match.git"},"homepage":"https://github.com/juliangruber/balanced-match","main":"index.js","scripts":{"test":"make test"},"dependencies":{},"devDependencies":{"tape":"~4.5.0"},"keywords":["match","regexp","test","balanced","parse"],"author":{"name":"Julian Gruber","email":"mail@juliangruber.com","url":"http://juliangruber.com"},"license":"MIT","testling":{"files":"test/*.js","browsers":["ie/8..latest","firefox/20..latest","firefox/nightly","chrome/25..latest","chrome/canary","opera/12..latest","opera/next","safari/5.1..latest","ipad/6.0..latest","iphone/6.0..latest","android-browser/4.2..latest"]},"gitHead":"d23ba945af2e80d035dde2a9d7e4ec62efbd440b","bugs":{"url":"https://github.com/juliangruber/balanced-match/issues"},"_id":"balanced-match@0.4.0","_shasum":"84818b70e91d9ac8b4d77df20e9239e80c025089","_from":".","_npmVersion":"3.3.12","_nodeVersion":"5.4.1","_npmUser":{"name":"juliangruber","email":"julian@juliangruber.com"},"dist":{"shasum":"84818b70e91d9ac8b4d77df20e9239e80c025089","tarball":"https://registry.npmjs.org/balanced-match/-/balanced-match-0.4.0.tgz"},"maintainers":[{"name":"juliangruber","email":"julian@juliangruber.com"}],"_npmOperationalInternal":{"host":"packages-12-west.internal.npmjs.com","tmp":"tmp/balanced-match-0.4.0.tgz_1460018817576_0.08597791171632707"},"directories":{}},"0.4.1":{"name":"balanced-match","description":"Match balanced character pairs, like \"{\" and \"}\"","version":"0.4.1","repository":{"type":"git","url":"git://github.com/juliangruber/balanced-match.git"},"homepage":"https://github.com/juliangruber/balanced-match","main":"index.js","scripts":{"test":"make test"},"dependencies":{},"devDependencies":{"tape":"~4.5.0"},"keywords":["match","regexp","test","balanced","parse"],"author":{"name":"Julian Gruber","email":"mail@juliangruber.com","url":"http://juliangruber.com"},"license":"MIT","testling":{"files":"test/*.js","browsers":["ie/8..latest","firefox/20..latest","firefox/nightly","chrome/25..latest","chrome/canary","opera/12..latest","opera/next","safari/5.1..latest","ipad/6.0..latest","iphone/6.0..latest","android-browser/4.2..latest"]},"gitHead":"7004b289baaaab6a832f4901735e29d37cc2a863","bugs":{"url":"https://github.com/juliangruber/balanced-match/issues"},"_id":"balanced-match@0.4.1","_shasum":"19053e2e0748eadb379da6c09d455cf5e1039335","_from":".","_npmVersion":"3.8.6","_nodeVersion":"6.0.0","_npmUser":{"name":"juliangruber","email":"julian@juliangruber.com"},"dist":{"shasum":"19053e2e0748eadb379da6c09d455cf5e1039335","tarball":"https://registry.npmjs.org/balanced-match/-/balanced-match-0.4.1.tgz"},"maintainers":[{"name":"juliangruber","email":"julian@juliangruber.com"}],"_npmOperationalInternal":{"host":"packages-12-west.internal.npmjs.com","tmp":"tmp/balanced-match-0.4.1.tgz_1462129663650_0.39764496590942144"},"directories":{}},"0.4.2":{"name":"balanced-match","description":"Match balanced character pairs, like \"{\" and \"}\"","version":"0.4.2","repository":{"type":"git","url":"git://github.com/juliangruber/balanced-match.git"},"homepage":"https://github.com/juliangruber/balanced-match","main":"index.js","scripts":{"test":"make test"},"dependencies":{},"devDependencies":{"tape":"^4.6.0"},"keywords":["match","regexp","test","balanced","parse"],"author":{"name":"Julian Gruber","email":"mail@juliangruber.com","url":"http://juliangruber.com"},"license":"MIT","testling":{"files":"test/*.js","browsers":["ie/8..latest","firefox/20..latest","firefox/nightly","chrome/25..latest","chrome/canary","opera/12..latest","opera/next","safari/5.1..latest","ipad/6.0..latest","iphone/6.0..latest","android-browser/4.2..latest"]},"gitHead":"57c2ea29d89a2844ae3bdcc637c6e2cbb73725e2","bugs":{"url":"https://github.com/juliangruber/balanced-match/issues"},"_id":"balanced-match@0.4.2","_shasum":"cb3f3e3c732dc0f01ee70b403f302e61d7709838","_from":".","_npmVersion":"2.15.8","_nodeVersion":"4.4.7","_npmUser":{"name":"juliangruber","email":"julian@juliangruber.com"},"dist":{"shasum":"cb3f3e3c732dc0f01ee70b403f302e61d7709838","tarball":"https://registry.npmjs.org/balanced-match/-/balanced-match-0.4.2.tgz"},"maintainers":[{"name":"juliangruber","email":"julian@juliangruber.com"}],"_npmOperationalInternal":{"host":"packages-16-east.internal.npmjs.com","tmp":"tmp/balanced-match-0.4.2.tgz_1468834991581_0.6590619895141572"},"directories":{}}},"readme":"# balanced-match\n\nMatch balanced string pairs, like `{` and `}` or `<b>` and `</b>`. Supports regular expressions as well!\n\n[![build status](https://secure.travis-ci.org/juliangruber/balanced-match.svg)](http://travis-ci.org/juliangruber/balanced-match)\n[![downloads](https://img.shields.io/npm/dm/balanced-match.svg)](https://www.npmjs.org/package/balanced-match)\n\n[![testling badge](https://ci.testling.com/juliangruber/balanced-match.png)](https://ci.testling.com/juliangruber/balanced-match)\n\n## Example\n\nGet the first matching pair of braces:\n\n```js\nvar balanced = require('balanced-match');\n\nconsole.log(balanced('{', '}', 'pre{in{nested}}post'));\nconsole.log(balanced('{', '}', 'pre{first}between{second}post'));\nconsole.log(balanced(/\\s+\\{\\s+/, /\\s+\\}\\s+/, 'pre  {   in{nest}   }  post'));\n```\n\nThe matches are:\n\n```bash\n$ node example.js\n{ start: 3, end: 14, pre: 'pre', body: 'in{nested}', post: 'post' }\n{ start: 3,\n  end: 9,\n  pre: 'pre',\n  body: 'first',\n  post: 'between{second}post' }\n{ start: 3, end: 17, pre: 'pre', body: 'in{nest}', post: 'post' }\n```\n\n## API\n\n### var m = balanced(a, b, str)\n\nFor the first non-nested matching pair of `a` and `b` in `str`, return an\nobject with those keys:\n\n* **start** the index of the first match of `a`\n* **end** the index of the matching `b`\n* **pre** the preamble, `a` and `b` not included\n* **body** the match, `a` and `b` not included\n* **post** the postscript, `a` and `b` not included\n\nIf there's no match, `undefined` will be returned.\n\nIf the `str` contains more `a` than `b` / there are unmatched pairs, the first match that was closed will be used. For example, `{{a}` will match `['{', 'a', '']` and `{a}}` will match `['', 'a', '}']`.\n\n### var r = balanced.range(a, b, str)\n\nFor the first non-nested matching pair of `a` and `b` in `str`, return an\narray with indexes: `[ <a index>, <b index> ]`.\n\nIf there's no match, `undefined` will be returned.\n\nIf the `str` contains more `a` than `b` / there are unmatched pairs, the first match that was closed will be used. For example, `{{a}` will match `[ 1, 3 ]` and `{a}}` will match `[0, 2]`.\n\n## Installation\n\nWith [npm](https://npmjs.org) do:\n\n```bash\nnpm install balanced-match\n```\n\n## License\n\n(MIT)\n\nCopyright (c) 2013 Julian Gruber &lt;julian@juliangruber.com&gt;\n\nPermission is hereby granted, free of charge, to any person obtaining a copy of\nthis software and associated documentation files (the \"Software\"), to deal in\nthe Software without restriction, including without limitation the rights to\nuse, copy, modify, merge, publish, distribute, sublicense, and/or sell copies\nof the Software, and to permit persons to whom the Software is furnished to do\nso, subject to the following conditions:\n\nThe above copyright notice and this permission notice shall be included in all\ncopies or substantial portions of the Software.\n\nTHE SOFTWARE IS PROVIDED \"AS IS\", WITHOUT WARRANTY OF ANY KIND, EXPRESS OR\nIMPLIED, INCLUDING BUT NOT LIMITED TO THE WARRANTIES OF MERCHANTABILITY,\nFITNESS FOR A PARTICULAR PURPOSE AND NONINFRINGEMENT. IN NO EVENT SHALL THE\nAUTHORS OR COPYRIGHT HOLDERS BE LIABLE FOR ANY CLAIM, DAMAGES OR OTHER\nLIABILITY, WHETHER IN AN ACTION OF CONTRACT, TORT OR OTHERWISE, ARISING FROM,\nOUT OF OR IN CONNECTION WITH THE SOFTWARE OR THE USE OR OTHER DEALINGS IN THE\nSOFTWARE.\n","maintainers":[{"name":"juliangruber","email":"julian@juliangruber.com"}],"time":{"modified":"2017-01-07T23:53:11.718Z","created":"2013-10-13T12:26:00.713Z","0.0.0":"2013-10-13T12:26:03.806Z","0.0.1":"2014-01-08T10:12:05.995Z","0.1.0":"2014-04-24T12:44:58.954Z","0.2.0":"2014-11-30T09:50:01.532Z","0.2.1":"2015-10-22T13:13:58.153Z","0.3.0":"2015-11-28T12:37:27.893Z","0.4.0":"2016-04-07T08:46:59.982Z","0.4.1":"2016-05-01T19:07:46.040Z","0.4.2":"2016-07-18T09:43:12.562Z"},"author":{"name":"Julian Gruber","email":"mail@juliangruber.com","url":"http://juliangruber.com"},"repository":{"type":"git","url":"git://github.com/juliangruber/balanced-match.git"},"homepage":"https://github.com/juliangruber/balanced-match","keywords":["match","regexp","test","balanced","parse"],"bugs":{"url":"https://github.com/juliangruber/balanced-match/issues"},"license":"MIT","readmeFilename":"README.md","users":{"dantman":true,"klap-webdevelopment":true,"scottfreecode":true,"arteffeckt":true},"_attachments":{},"_etag":"\"58717f67-4136\""}