{"_id":"better-assert","_rev":"26-c3cc530e37317e530d72bb531fa6a0fe","name":"better-assert","description":"Better assertions for node, reporting the expr, filename, lineno etc","dist-tags":{"latest":"1.0.2"},"versions":{"0.0.1":{"name":"better-assert","version":"0.0.1","description":"Better assertions for node, reporting the expr, filename, lineno etc","keywords":["assert","stack","trace","debug"],"author":{"name":"TJ Holowaychuk","email":"tj@vision-media.ca"},"dependencies":{"callsite":"*"},"main":"index","engines":{"node":"*"},"_npmUser":{"name":"tjholowaychuk","email":"tj@vision-media.ca"},"_id":"better-assert@0.0.1","devDependencies":{},"_engineSupported":true,"_npmVersion":"1.0.104","_nodeVersion":"v0.6.3","_defaultsLoaded":true,"dist":{"shasum":"ee66ff8dcad3511e0bbb0b3eccb858e64373a236","tarball":"https://registry.npmjs.org/better-assert/-/better-assert-0.0.1.tgz"},"maintainers":[{"name":"tjholowaychuk","email":"tj@vision-media.ca"}],"directories":{}},"0.1.0":{"name":"better-assert","version":"0.1.0","description":"Better assertions for node, reporting the expr, filename, lineno etc","keywords":["assert","stack","trace","debug"],"author":{"name":"TJ Holowaychuk","email":"tj@vision-media.ca"},"dependencies":{"callsite":"*"},"main":"index","engines":{"node":"*"},"_id":"better-assert@0.1.0","dist":{"shasum":"33b4f2f0a4336ff8a734482051603091526ba29e","tarball":"https://registry.npmjs.org/better-assert/-/better-assert-0.1.0.tgz"},"_npmVersion":"1.1.61","_npmUser":{"name":"tjholowaychuk","email":"tj@vision-media.ca"},"maintainers":[{"name":"tjholowaychuk","email":"tj@vision-media.ca"}],"directories":{}},"1.0.0":{"name":"better-assert","version":"1.0.0","description":"Better assertions for node, reporting the expr, filename, lineno etc","keywords":["assert","stack","trace","debug"],"author":{"name":"TJ Holowaychuk","email":"tj@vision-media.ca"},"dependencies":{"callsite":"1.0.0"},"main":"index","engines":{"node":"*"},"_id":"better-assert@1.0.0","dist":{"shasum":"0249c4ec1ba197808caf57e26cb1ac44bc810340","tarball":"https://registry.npmjs.org/better-assert/-/better-assert-1.0.0.tgz"},"_from":".","_npmVersion":"1.2.28","_npmUser":{"name":"tjholowaychuk","email":"tj@vision-media.ca"},"maintainers":[{"name":"tjholowaychuk","email":"tj@vision-media.ca"}],"directories":{}},"1.0.1":{"name":"better-assert","version":"1.0.1","description":"Better assertions for node, reporting the expr, filename, lineno etc","keywords":["assert","stack","trace","debug"],"author":{"name":"TJ Holowaychuk","email":"tj@vision-media.ca"},"contributors":[{"name":"TonyHe","email":"coolhzb@163.com"},{"name":"ForbesLindesay"}],"dependencies":{"callsite":"1.0.0"},"repository":{"type":"git","url":"https://github.com/visionmedia/better-assert.git"},"main":"index","engines":{"node":"*"},"bugs":{"url":"https://github.com/visionmedia/better-assert/issues"},"homepage":"https://github.com/visionmedia/better-assert","_id":"better-assert@1.0.1","_shasum":"85a8ee5eef49b2a9a90eeb01a77116b2ebf02bcc","_from":".","_npmVersion":"1.4.9","_npmUser":{"name":"tony_ado","email":"coolhzb@163.com"},"maintainers":[{"name":"tjholowaychuk","email":"tj@vision-media.ca"},{"name":"tony_ado","email":"coolhzb@163.com"}],"dist":{"shasum":"85a8ee5eef49b2a9a90eeb01a77116b2ebf02bcc","tarball":"https://registry.npmjs.org/better-assert/-/better-assert-1.0.1.tgz"},"directories":{}},"1.0.2":{"name":"better-assert","version":"1.0.2","description":"Better assertions for node, reporting the expr, filename, lineno etc","keywords":["assert","stack","trace","debug"],"author":{"name":"TJ Holowaychuk","email":"tj@vision-media.ca"},"contributors":[{"name":"TonyHe","email":"coolhzb@163.com"},{"name":"ForbesLindesay"}],"dependencies":{"callsite":"1.0.0"},"repository":{"type":"git","url":"https://github.com/visionmedia/better-assert.git"},"main":"index","engines":{"node":"*"},"bugs":{"url":"https://github.com/visionmedia/better-assert/issues"},"homepage":"https://github.com/visionmedia/better-assert","_id":"better-assert@1.0.2","_shasum":"40866b9e1b9e0b55b481894311e68faffaebc522","_from":".","_npmVersion":"1.4.9","_npmUser":{"name":"tony_ado","email":"coolhzb@163.com"},"maintainers":[{"name":"tjholowaychuk","email":"tj@vision-media.ca"},{"name":"tony_ado","email":"coolhzb@163.com"}],"dist":{"shasum":"40866b9e1b9e0b55b481894311e68faffaebc522","tarball":"https://registry.npmjs.org/better-assert/-/better-assert-1.0.2.tgz"},"directories":{}}},"readme":"\n# better-assert\n\n  Better c-style assertions using [callsite](https://github.com/visionmedia/callsite) for\n  self-documenting failure messages.\n\n## Installation\n\n    $ npm install better-assert\n\n## Example\n\n By default assertions are enabled, however the __NO_ASSERT__ environment variable \n will deactivate them when truthy.\n\n```js\nvar assert = require('better-assert');\n\ntest();\n\nfunction test() {\n  var user = { name: 'tobi' };\n  assert('tobi' == user.name);\n  assert('number' == typeof user.age);\n}\n\nAssertionError: 'number' == typeof user.age\n    at test (/Users/tj/projects/better-assert/example.js:9:3)\n    at Object.<anonymous> (/Users/tj/projects/better-assert/example.js:4:1)\n    at Module._compile (module.js:449:26)\n    at Object.Module._extensions..js (module.js:467:10)\n    at Module.load (module.js:356:32)\n    at Function.Module._load (module.js:312:12)\n    at Module.runMain (module.js:492:10)\n    at process.startup.processNextTick.process._tickCallback (node.js:244:9)\n```\n\n## License \n\n(The MIT License)\n\nCopyright (c) 2012 TJ Holowaychuk &lt;tj@vision-media.ca&gt;\n\nPermission is hereby granted, free of charge, to any person obtaining\na copy of this software and associated documentation files (the\n'Software'), to deal in the Software without restriction, including\nwithout limitation the rights to use, copy, modify, merge, publish,\ndistribute, sublicense, and/or sell copies of the Software, and to\npermit persons to whom the Software is furnished to do so, subject to\nthe following conditions:\n\nThe above copyright notice and this permission notice shall be\nincluded in all copies or substantial portions of the Software.\n\nTHE SOFTWARE IS PROVIDED 'AS IS', WITHOUT WARRANTY OF ANY KIND,\nEXPRESS OR IMPLIED, INCLUDING BUT NOT LIMITED TO THE WARRANTIES OF\nMERCHANTABILITY, FITNESS FOR A PARTICULAR PURPOSE AND NONINFRINGEMENT.\nIN NO EVENT SHALL THE AUTHORS OR COPYRIGHT HOLDERS BE LIABLE FOR ANY\nCLAIM, DAMAGES OR OTHER LIABILITY, WHETHER IN AN ACTION OF CONTRACT,\nTORT OR OTHERWISE, ARISING FROM, OUT OF OR IN CONNECTION WITH THE\nSOFTWARE OR THE USE OR OTHER DEALINGS IN THE SOFTWARE.","maintainers":[{"name":"tjholowaychuk","email":"tj@vision-media.ca"},{"name":"tony_ado","email":"coolhzb@163.com"}],"time":{"modified":"2014-11-21T05:46:02.646Z","created":"2011-11-30T03:06:15.220Z","0.0.1":"2011-11-30T03:06:16.614Z","0.1.0":"2012-10-05T05:43:26.488Z","1.0.0":"2013-06-08T17:16:34.525Z","1.0.1":"2014-07-23T09:31:48.173Z","1.0.2":"2014-11-21T05:46:02.646Z"},"author":{"name":"TJ Holowaychuk","email":"tj@vision-media.ca"},"users":{"rsp":true,"nex":true,"antanst":true,"princetoad":true},"keywords":["assert","stack","trace","debug"],"readmeFilename":"Readme.md","homepage":"https://github.com/visionmedia/better-assert","repository":{"type":"git","url":"https://github.com/visionmedia/better-assert.git"},"contributors":[{"name":"TonyHe","email":"coolhzb@163.com"},{"name":"ForbesLindesay"}],"bugs":{"url":"https://github.com/visionmedia/better-assert/issues"},"_attachments":{},"_etag":"\"546ed19a-1d58\""}