{"name":"bson","description":"A bson parser for node.js and the browser","keywords":["mongodb","bson","parser"],"version":"0.2.2","author":{"name":"Christian Amor Kvalheim","email":"christkv@gmail.com"},"contributors":[],"repository":{"type":"git","url":"git://github.com/mongodb/js-bson.git"},"bugs":{"url":"https://github.com/mongodb/js-bson/issues"},"devDependencies":{"nodeunit":"0.7.3","gleak":"0.2.3","one":"2.X.X"},"config":{"native":false},"main":"./lib/bson/index","directories":{"lib":"./lib/bson"},"engines":{"node":">=0.6.19"},"scripts":{"install":"(node-gyp rebuild 2> builderror.log) || (exit 0)","test":"nodeunit ./test/node && TEST_NATIVE=TRUE nodeunit ./test/node"},"licenses":[{"type":"Apache License, Version 2.0","url":"http://www.apache.org/licenses/LICENSE-2.0"}],"_id":"bson@0.2.2","dist":{"shasum":"3dbf984acb9d33a6878b46e6fb7afbd611856a60","tarball":"http://registry.npmjs.org/bson/-/bson-0.2.2.tgz"},"_from":".","_npmVersion":"1.2.23","_npmUser":{"name":"christkv","email":"christkv@gmail.com"},"maintainers":[{"name":"octave","email":"chinsay@gmail.com"},{"name":"christkv","email":"christkv@gmail.com"}],"_etag":"\"DWVA0398TH4H3FWAY616DTF6X\""}