{"_id":"apn","_rev":"235-10362ffc1ebe93510fbbaa7432dfbf32","name":"apn","description":"An interface to the Apple Push Notification service for Node.js","dist-tags":{"latest":"2.1.4","alpha":"2.0.0-alpha1"},"versions":{"1.1.1":{"name":"apn","description":"An interface to the Apple Push Notification service for Node.js","version":"1.1.1","author":{"name":"Andrew Naylor","email":"argon@mkbot.net"},"contributors":[{"name":"Andrew Naylor","email":"argon@mkbot.net"}],"keywords":["apple","push","push notifications","iOS","apns"],"main":"index","repository":{"type":"git","url":"http://github.com/argon/node-apn.git"},"engines":{"node":">= 0.4.0"},"_id":"apn@1.1.1","_nodeSupported":true,"_npmVersion":"0.2.3-6","_nodeVersion":"v0.5.0-pre","dist":{"tarball":"https://registry.npmjs.org/apn/-/apn-1.1.1.tgz","shasum":"36386f81914991f3e4e9afb2d49faa84962ba220"},"directories":{},"deprecated":"Significant performance improvements and new features in v1.3.x"},"1.0.6":{"name":"apn","description":"An interface to the Apple Push Notification service for Node.js","version":"1.0.6","author":{"name":"Andrew Naylor","email":"argon@mkbot.net"},"contributors":[{"name":"Andrew Naylor","email":"argon@mkbot.net"}],"keywords":["apple","push","push notifications","iOS","apns"],"main":"index","repository":{"type":"git","url":"http://github.com/argon/node-apn.git"},"engines":{"node":">= 0.2.0 <0.4.0"},"_id":"apn@1.0.6","_nodeSupported":false,"_npmVersion":"0.2.3-6","_nodeVersion":"v0.5.0-pre","dist":{"tarball":"https://registry.npmjs.org/apn/-/apn-1.0.6.tgz","shasum":"e84108ee0c286a84691049afe6ab003137e92e59"},"directories":{},"deprecated":"Significant performance improvements and new features in v1.3.x"},"1.1.0":{"name":"apn","description":"An interface to the Apple Push Notification service for Node.js","version":"1.1.0","author":{"name":"Andrew Naylor","email":"argon@mkbot.net"},"contributors":[{"name":"Andrew Naylor","email":"argon@mkbot.net"}],"keywords":["apple","push","push notifications","iOS","apns"],"main":"index","repository":{"type":"git","url":"http://github.com/argon/node-apn.git"},"engines":{"node":">= 0.4.0"},"_id":"apn@1.1.0","_nodeSupported":true,"_npmVersion":"0.2.3-6","_nodeVersion":"v0.5.0-pre","dist":{"tarball":"https://registry.npmjs.org/apn/-/apn-1.1.0.tgz","shasum":"9ea4a4639bd67abced8ca064e2d6de47538417ba"},"directories":{},"deprecated":"Significant performance improvements and new features in v1.3.x"},"1.0.5":{"name":"apn","description":"An interface to the Apple Push Notification service for Node.js","version":"1.0.5","author":{"name":"Andrew Naylor","email":"argon@mkbot.net"},"contributors":[{"name":"Andrew Naylor","email":"argon@mkbot.net"}],"keywords":["apple","push","push notifications","iOS","apns"],"main":"index","repository":{"type":"git","url":"http://github.com/argon/node-apn.git"},"engines":{"node":">= 0.2.0 <0.4.0"},"_id":"apn@1.0.5","_nodeSupported":false,"_npmVersion":"0.2.3-6","_nodeVersion":"v0.5.0-pre","dist":{"tarball":"https://registry.npmjs.org/apn/-/apn-1.0.5.tgz","shasum":"d7d9f2d7b7fe364de65b4b5f3fc5db3d90e6d24a"},"directories":{},"deprecated":"Significant performance improvements and new features in v1.3.x"},"1.0.4":{"name":"apn","description":"An interface to the Apple Push Notification service for Node.js","version":"1.0.4","author":{"name":"Andrew Naylor","email":"argon@mkbot.net"},"contributors":[{"name":"Andrew Naylor","email":"argon@mkbot.net"}],"keywords":["apple","push","push notifications","iOS","apns"],"main":"index","repository":{"type":"git","url":"http://github.com/argon/node-apn.git"},"engines":{"node":">= 0.2.0 <0.4.0"},"_id":"apn@1.0.4","_nodeSupported":false,"_npmVersion":"0.2.3-6","_nodeVersion":"v0.5.0-pre","dist":{"tarball":"https://registry.npmjs.org/apn/-/apn-1.0.4.tgz","shasum":"2b3de7a17ad54791ed2a0abda9a78a925e2108be"},"directories":{},"deprecated":"Significant performance improvements and new features in v1.3.x"},"1.0.3":{"name":"apn","description":"An interface to the Apple Push Notification service for Node.js","version":"1.0.3","author":{"name":"Andrew Naylor","email":"argon@mkbot.net"},"contributors":[{"name":"Andrew Naylor","email":"argon@mkbot.net"}],"keywords":["apple","push","push notifications","iOS","apns"],"main":"index","repository":{"type":"git","url":"http://github.com/argon/node-apn.git"},"engines":{"node":">= 0.2.0"},"_id":"apn@1.0.3","_nodeSupported":true,"_npmVersion":"0.2.3-6","_nodeVersion":"v0.5.0-pre","dist":{"tarball":"https://registry.npmjs.org/apn/-/apn-1.0.3.tgz","shasum":"be9f8f170428d21b9178ae42dbdc5a2619be9e2e"},"directories":{},"deprecated":"Significant performance improvements and new features in v1.3.x"},"1.0.2":{"name":"apn","description":"An interface to the Apple Push Notification service for Node.js","version":"1.0.2","author":{"name":"Andrew Naylor","email":"argon@mkbot.net"},"contributors":[{"name":"Andrew Naylor","email":"argon@mkbot.net"}],"keywords":["apple","push","push notifications","iOS","apns"],"main":"index","repository":{"type":"git","url":"http://github.com/argon/node-apn.git"},"engines":{"node":">= 0.2.0"},"_id":"apn@1.0.2","_nodeSupported":true,"_npmVersion":"0.2.3-6","_nodeVersion":"v0.5.0-pre","dist":{"tarball":"https://registry.npmjs.org/apn/-/apn-1.0.2.tgz","shasum":"0212655a1ac958da913bc03420f11975238b96ef"},"directories":{},"deprecated":"Significant performance improvements and new features in v1.3.x"},"1.0.1":{"name":"apn","description":"An interface to the Apple Push Notification service for Node.js","version":"1.0.1","author":{"name":"Andrew Naylor","email":"argon@mkbot.net"},"contributors":[{"name":"Andrew Naylor","email":"argon@mkbot.net"}],"keywords":["apple","push","push notifications","iOS","apns"],"main":"index","repository":{"type":"git","url":"http://github.com/argon/node-apn.git"},"engines":{"node":">= 0.2.0"},"_id":"apn@1.0.1","_nodeSupported":true,"_npmVersion":"0.2.3-6","_nodeVersion":"v0.5.0-pre","dist":{"tarball":"https://registry.npmjs.org/apn/-/apn-1.0.1.tgz","shasum":"ce355b0464753b8ed74d1febf1716ffc88e44588"},"directories":{},"deprecated":"Significant performance improvements and new features in v1.3.x"},"1.0.0":{"name":"apn","description":"An interface to the Apple Push Notification service for Node.js","version":"1.0.0","author":{"name":"Andrew Naylor","email":"argon@mkbot.net"},"contributors":[{"name":"Andrew Naylor","email":"argon@mkbot.net"}],"keywords":["apple","push","push notifications","iOS","apns"],"main":"lib/apn","repository":{"type":"git","url":"http://github.com/argon/node-apn.git"},"engines":{"node":">= 0.2.0"},"_id":"apn@1.0.0","_nodeSupported":true,"_npmVersion":"0.2.3-6","_nodeVersion":"v0.5.0-pre","dist":{"tarball":"https://registry.npmjs.org/apn/-/apn-1.0.0.tgz","shasum":"08ebbd4e0497efbd8d4bfbb73290b1d5b8fd06ef"},"directories":{},"deprecated":"Significant performance improvements and new features in v1.3.x"},"1.1.2":{"name":"apn","description":"An interface to the Apple Push Notification service for Node.js","version":"1.1.2","author":{"name":"Andrew Naylor","email":"argon@mkbot.net"},"contributors":[{"name":"Andrew Naylor","email":"argon@mkbot.net"}],"keywords":["apple","push","push notifications","iOS","apns"],"main":"index.js","repository":{"type":"git","url":"git://github.com/argon/node-apn.git"},"engines":{"node":">= 0.4.0"},"_npmJsonOpts":{"file":"/Users/argon/.npm/apn/1.1.2/package/package.json","wscript":false,"contributors":false,"serverjs":false},"_id":"apn@1.1.2","dependencies":{},"devDependencies":{},"_engineSupported":true,"_npmVersion":"1.0.24","_nodeVersion":"v0.4.10","_defaultsLoaded":true,"dist":{"shasum":"32f8440ff9a725b720d7f6e7439b58ce9977cf41","tarball":"https://registry.npmjs.org/apn/-/apn-1.1.2.tgz"},"scripts":{},"maintainers":[{"name":"argon","email":"argon@mkbot.net"}],"directories":{},"deprecated":"Significant performance improvements and new features in v1.3.x"},"1.0.7":{"name":"apn","description":"An interface to the Apple Push Notification service for Node.js","version":"1.0.7","author":{"name":"Andrew Naylor","email":"argon@mkbot.net"},"contributors":[{"name":"Andrew Naylor","email":"argon@mkbot.net"}],"keywords":["apple","push","push notifications","iOS","apns"],"main":"index.js","repository":{"type":"git","url":"git://github.com/argon/node-apn.git"},"engines":{"node":">= 0.2.0 <0.4.0"},"_npmJsonOpts":{"file":"/Users/argon/.npm/apn/1.0.7/package/package.json","wscript":false,"contributors":false,"serverjs":false},"_id":"apn@1.0.7","dependencies":{},"devDependencies":{},"_engineSupported":false,"_npmVersion":"1.0.24","_nodeVersion":"v0.4.10","_defaultsLoaded":true,"dist":{"shasum":"261720bb0b955c67be7cefecc925c71c0364e6bf","tarball":"https://registry.npmjs.org/apn/-/apn-1.0.7.tgz"},"scripts":{},"maintainers":[{"name":"argon","email":"argon@mkbot.net"}],"directories":{},"deprecated":"Significant performance improvements and new features in v1.3.x"},"1.1.3":{"name":"apn","description":"An interface to the Apple Push Notification service for Node.js","version":"1.1.3","author":{"name":"Andrew Naylor","email":"argon@mkbot.net"},"contributors":[{"name":"Andrew Naylor","email":"argon@mkbot.net"}],"keywords":["apple","push","push notifications","iOS","apns"],"main":"index.js","repository":{"type":"git","url":"git://github.com/argon/node-apn.git"},"engines":{"node":">= 0.4.0"},"_npmUser":{"name":"argon","email":"argon@mkbot.net"},"_id":"apn@1.1.3","dependencies":{},"devDependencies":{},"_engineSupported":true,"_npmVersion":"1.0.106","_nodeVersion":"v0.4.10","_defaultsLoaded":true,"dist":{"shasum":"90a138eb0076d608a3aa9f0eb8fd5828c2ef0eb1","tarball":"https://registry.npmjs.org/apn/-/apn-1.1.3.tgz"},"maintainers":[{"name":"argon","email":"argon@mkbot.net"}],"directories":{},"deprecated":"Significant performance improvements and new features in v1.3.x"},"1.1.4":{"name":"apn","description":"An interface to the Apple Push Notification service for Node.js","version":"1.1.4","author":{"name":"Andrew Naylor","email":"argon@mkbot.net"},"contributors":[{"name":"Andrew Naylor","email":"argon@mkbot.net"}],"keywords":["apple","push","push notifications","iOS","apns"],"main":"index.js","repository":{"type":"git","url":"git://github.com/argon/node-apn.git"},"engines":{"node":">= 0.4.0"},"_npmUser":{"name":"argon","email":"argon@mkbot.net"},"_id":"apn@1.1.4","dependencies":{},"devDependencies":{},"_engineSupported":true,"_npmVersion":"1.0.106","_nodeVersion":"v0.4.10","_defaultsLoaded":true,"dist":{"shasum":"711757b8c15a5a25b88d171ba118a1cff3be1db9","tarball":"https://registry.npmjs.org/apn/-/apn-1.1.4.tgz"},"maintainers":[{"name":"argon","email":"argon@mkbot.net"}],"directories":{},"deprecated":"Significant performance improvements and new features in v1.3.x"},"1.1.5":{"name":"apn","description":"An interface to the Apple Push Notification service for Node.js","version":"1.1.5","author":{"name":"Andrew Naylor","email":"argon@mkbot.net"},"contributors":[{"name":"Andrew Naylor","email":"argon@mkbot.net"}],"keywords":["apple","push","push notifications","iOS","apns"],"main":"index.js","repository":{"type":"git","url":"git://github.com/argon/node-apn.git"},"engines":{"node":">= 0.4.0"},"_npmUser":{"name":"argon","email":"argon@mkbot.net"},"_id":"apn@1.1.5","dependencies":{},"devDependencies":{},"_engineSupported":true,"_npmVersion":"1.0.106","_nodeVersion":"v0.4.10","_defaultsLoaded":true,"dist":{"shasum":"dde32235e1364be8d33928c543bd1e73a9bd513a","tarball":"https://registry.npmjs.org/apn/-/apn-1.1.5.tgz"},"maintainers":[{"name":"argon","email":"argon@mkbot.net"}],"directories":{},"deprecated":"Significant performance improvements and new features in v1.3.x"},"1.1.6":{"name":"apn","description":"An interface to the Apple Push Notification service for Node.js","version":"1.1.6","author":{"name":"Andrew Naylor","email":"argon@mkbot.net"},"contributors":[{"name":"Andrew Naylor","email":"argon@mkbot.net"}],"keywords":["apple","push","push notifications","iOS","apns"],"main":"index.js","repository":{"type":"git","url":"git://github.com/argon/node-apn.git"},"engines":{"node":">= 0.4.0"},"_npmUser":{"name":"argon","email":"argon@mkbot.net"},"_id":"apn@1.1.6","dependencies":{},"devDependencies":{},"_engineSupported":true,"_npmVersion":"1.0.106","_nodeVersion":"v0.4.10","_defaultsLoaded":true,"dist":{"shasum":"520d801520e6aaa0a1b62ae06e4ae1d9d8d991a0","tarball":"https://registry.npmjs.org/apn/-/apn-1.1.6.tgz"},"maintainers":[{"name":"argon","email":"argon@mkbot.net"}],"directories":{},"deprecated":"Significant performance improvements and new features in v1.3.x"},"1.1.7":{"name":"apn","description":"An interface to the Apple Push Notification service for Node.js","version":"1.1.7","author":{"name":"Andrew Naylor","email":"argon@mkbot.net"},"contributors":[{"name":"Andrew Naylor","email":"argon@mkbot.net"}],"keywords":["apple","push","push notifications","iOS","apns"],"main":"index.js","repository":{"type":"git","url":"git://github.com/argon/node-apn.git"},"engines":{"node":">= 0.4.0"},"_npmUser":{"name":"argon","email":"argon@mkbot.net"},"_id":"apn@1.1.7","dependencies":{},"devDependencies":{},"optionalDependencies":{},"_engineSupported":true,"_npmVersion":"1.1.16","_nodeVersion":"v0.6.6","_defaultsLoaded":true,"dist":{"shasum":"e8dac016e5c8837a0eac0aba598f054d08b17ff7","tarball":"https://registry.npmjs.org/apn/-/apn-1.1.7.tgz"},"maintainers":[{"name":"argon","email":"argon@mkbot.net"}],"directories":{},"deprecated":"Significant performance improvements and new features in v1.3.x"},"1.2.0":{"name":"apn","description":"An interface to the Apple Push Notification service for Node.js","version":"1.2.0","author":{"name":"Andrew Naylor","email":"argon@mkbot.net"},"contributors":[{"name":"Andrew Naylor","email":"argon@mkbot.net"}],"keywords":["apple","push","push notifications","iOS","apns"],"main":"index.js","bugs":{"email":"argon@mkbot.net","url":"https://github.com/argon/node-apn/issues"},"repository":{"type":"git","url":"git://github.com/argon/node-apn.git"},"dependencies":{"q":">=0.8.5"},"engines":{"node":">= 0.6.6"},"license":"MIT","_npmUser":{"name":"argon","email":"argon@mkbot.net"},"_id":"apn@1.2.0","devDependencies":{},"optionalDependencies":{},"_engineSupported":true,"_npmVersion":"1.1.16","_nodeVersion":"v0.6.6","_defaultsLoaded":true,"dist":{"shasum":"926132276e3afd093ad745d256c1ee7be8b22b8d","tarball":"https://registry.npmjs.org/apn/-/apn-1.2.0.tgz"},"maintainers":[{"name":"argon","email":"argon@mkbot.net"}],"directories":{},"deprecated":"Significant performance improvements and new features in v1.3.x"},"1.2.1":{"name":"apn","description":"A Node.js module for interfacing with the Apple Push Notification service.","version":"1.2.1","author":{"name":"Andrew Naylor","email":"argon@mkbot.net"},"contributors":[{"name":"Andrew Naylor","email":"argon@mkbot.net"}],"keywords":["apple","push","push notifications","iOS","apns"],"main":"index.js","bugs":{"email":"argon@mkbot.net","url":"https://github.com/argon/node-apn/issues"},"repository":{"type":"git","url":"https://github.com/argon/node-apn.git"},"dependencies":{"q":">=0.8.5"},"engines":{"node":">= 0.6.6"},"license":"MIT","_id":"apn@1.2.1","dist":{"shasum":"f182cdbe149dbe877a14ae82fec42194f44b7436","tarball":"https://registry.npmjs.org/apn/-/apn-1.2.1.tgz"},"maintainers":[{"name":"argon","email":"argon@mkbot.net"}],"directories":{},"deprecated":"Significant performance improvements and new features in v1.3.x"},"1.2.2":{"name":"apn","description":"A Node.js module for interfacing with the Apple Push Notification service.","version":"1.2.2","author":{"name":"Andrew Naylor","email":"argon@mkbot.net"},"contributors":[{"name":"Andrew Naylor","email":"argon@mkbot.net"}],"keywords":["apple","push","push notifications","iOS","apns"],"main":"index.js","bugs":{"email":"argon@mkbot.net","url":"https://github.com/argon/node-apn/issues"},"repository":{"type":"git","url":"https://github.com/argon/node-apn.git"},"dependencies":{"q":">=0.8.5"},"engines":{"node":">= 0.6.6"},"license":"MIT","_id":"apn@1.2.2","dist":{"shasum":"ca19a31679963d1e9716d24162d568fc02800f2b","tarball":"https://registry.npmjs.org/apn/-/apn-1.2.2.tgz"},"maintainers":[{"name":"argon","email":"argon@mkbot.net"}],"directories":{},"deprecated":"Significant performance improvements and new features in v1.3.x"},"1.2.3":{"name":"apn","description":"A Node.js module for interfacing with the Apple Push Notification service.","version":"1.2.3","author":{"name":"Andrew Naylor","email":"argon@mkbot.net"},"contributors":[{"name":"Andrew Naylor","email":"argon@mkbot.net"}],"keywords":["apple","push","push notifications","iOS","apns"],"main":"index.js","bugs":{"email":"argon@mkbot.net","url":"https://github.com/argon/node-apn/issues"},"repository":{"type":"git","url":"https://github.com/argon/node-apn.git"},"dependencies":{"q":">=0.8.5"},"engines":{"node":">= 0.6.6"},"license":"MIT","_id":"apn@1.2.3","dist":{"shasum":"8129b5c772a055e8563725d179517ea332c8ed9c","tarball":"https://registry.npmjs.org/apn/-/apn-1.2.3.tgz"},"maintainers":[{"name":"argon","email":"argon@mkbot.net"}],"directories":{},"deprecated":"Significant performance improvements and new features in v1.3.x"},"1.2.4":{"name":"apn","description":"A Node.js module for interfacing with the Apple Push Notification service.","version":"1.2.4","author":{"name":"Andrew Naylor","email":"argon@mkbot.net"},"contributors":[{"name":"Andrew Naylor","email":"argon@mkbot.net"}],"keywords":["apple","push","push notifications","iOS","apns"],"main":"index.js","bugs":{"email":"argon@mkbot.net","url":"https://github.com/argon/node-apn/issues"},"repository":{"type":"git","url":"https://github.com/argon/node-apn.git"},"dependencies":{"q":">=0.8.5"},"engines":{"node":">= 0.6.6"},"license":"MIT","_id":"apn@1.2.4","dist":{"shasum":"a05ff300662cd39881285b22b9687f697f299d5f","tarball":"https://registry.npmjs.org/apn/-/apn-1.2.4.tgz"},"maintainers":[{"name":"argon","email":"argon@mkbot.net"}],"directories":{},"deprecated":"Significant performance improvements and new features in v1.3.x"},"1.2.5":{"name":"apn","description":"A Node.js module for interfacing with the Apple Push Notification service.","version":"1.2.5","author":{"name":"Andrew Naylor","email":"argon@mkbot.net"},"contributors":[{"name":"Andrew Naylor","email":"argon@mkbot.net"}],"keywords":["apple","push","push notifications","iOS","apns"],"main":"index.js","bugs":{"email":"argon@mkbot.net","url":"https://github.com/argon/node-apn/issues"},"repository":{"type":"git","url":"https://github.com/argon/node-apn.git"},"dependencies":{"q":">=0.8.5"},"engines":{"node":">= 0.6.6"},"license":"MIT","_id":"apn@1.2.5","dist":{"shasum":"cb61efc8a6995510994057b34207cc10ebd23bd1","tarball":"https://registry.npmjs.org/apn/-/apn-1.2.5.tgz"},"maintainers":[{"name":"argon","email":"argon@mkbot.net"}],"directories":{},"deprecated":"Significant performance improvements and new features in v1.3.x"},"1.2.6":{"name":"apn","description":"A Node.js module for interfacing with the Apple Push Notification service.","version":"1.2.6","author":{"name":"Andrew Naylor","email":"argon@mkbot.net"},"contributors":[{"name":"Andrew Naylor","email":"argon@mkbot.net"}],"keywords":["apple","push","push notifications","iOS","apns"],"main":"index.js","bugs":{"email":"argon@mkbot.net","url":"https://github.com/argon/node-apn/issues"},"repository":{"type":"git","url":"https://github.com/argon/node-apn.git"},"dependencies":{"q":"0.8.x"},"engines":{"node":">= 0.6.6"},"license":"MIT","_id":"apn@1.2.6","dist":{"shasum":"432c3250d5c84248eb2894ef846d6b7360f91e71","tarball":"https://registry.npmjs.org/apn/-/apn-1.2.6.tgz"},"maintainers":[{"name":"argon","email":"argon@mkbot.net"}],"directories":{},"deprecated":"Significant performance improvements and new features in v1.3.x"},"1.3.0":{"name":"apn","description":"An interface to the Apple Push Notification service for Node.js","version":"1.3.0","author":{"name":"Andrew Naylor","email":"argon@mkbot.net"},"contributors":[{"name":"Andrew Naylor","email":"argon@mkbot.net"}],"keywords":["apple","push","push notifications","iOS","apns","notifications"],"main":"index.js","bugs":{"email":"argon@mkbot.net","url":"https://github.com/argon/node-apn/issues"},"repository":{"type":"git","url":"https://github.com/argon/node-apn.git"},"dependencies":{"q":"0.9.x"},"engines":{"node":">= 0.6.6"},"license":"MIT","_id":"apn@1.3.0","dist":{"shasum":"4f56686a3d0f4f93b71aa97f9eb0549eb76e86c2","tarball":"https://registry.npmjs.org/apn/-/apn-1.3.0.tgz"},"_from":".","_npmVersion":"1.2.17","_npmUser":{"name":"argon","email":"argon@mkbot.net"},"maintainers":[{"name":"argon","email":"argon@mkbot.net"}],"directories":{}},"1.3.1":{"name":"apn","description":"An interface to the Apple Push Notification service for Node.js","version":"1.3.1","author":{"name":"Andrew Naylor","email":"argon@mkbot.net"},"contributors":[{"name":"Andrew Naylor","email":"argon@mkbot.net"}],"keywords":["apple","push","push notifications","iOS","apns","notifications"],"main":"index.js","bugs":{"email":"argon@mkbot.net","url":"https://github.com/argon/node-apn/issues"},"repository":{"type":"git","url":"https://github.com/argon/node-apn.git"},"dependencies":{"q":"0.9.x"},"engines":{"node":">= 0.6.6"},"license":"MIT","_id":"apn@1.3.1","dist":{"shasum":"1a8a0cbbb0228d43120b9095bd657f5dc4003615","tarball":"https://registry.npmjs.org/apn/-/apn-1.3.1.tgz"},"_from":".","_npmVersion":"1.2.17","_npmUser":{"name":"argon","email":"argon@mkbot.net"},"maintainers":[{"name":"argon","email":"argon@mkbot.net"}],"directories":{}},"1.3.2":{"name":"apn","description":"An interface to the Apple Push Notification service for Node.js","version":"1.3.2","author":{"name":"Andrew Naylor","email":"argon@mkbot.net"},"contributors":[{"name":"Andrew Naylor","email":"argon@mkbot.net"}],"keywords":["apple","push","push notifications","iOS","apns","notifications"],"main":"index.js","bugs":{"email":"argon@mkbot.net","url":"https://github.com/argon/node-apn/issues"},"repository":{"type":"git","url":"https://github.com/argon/node-apn.git"},"dependencies":{"q":"0.9.x"},"engines":{"node":">= 0.6.6"},"license":"MIT","_id":"apn@1.3.2","dist":{"shasum":"942441a41e77c789f02ba6d74b09c4dd24820543","tarball":"https://registry.npmjs.org/apn/-/apn-1.3.2.tgz"},"_from":".","_npmVersion":"1.2.17","_npmUser":{"name":"argon","email":"argon@mkbot.net"},"maintainers":[{"name":"argon","email":"argon@mkbot.net"}],"directories":{}},"1.3.3":{"name":"apn","description":"An interface to the Apple Push Notification service for Node.js","version":"1.3.3","author":{"name":"Andrew Naylor","email":"argon@mkbot.net"},"contributors":[{"name":"Andrew Naylor","email":"argon@mkbot.net"}],"keywords":["apple","push","push notifications","iOS","apns","notifications"],"main":"index.js","bugs":{"email":"argon@mkbot.net","url":"https://github.com/argon/node-apn/issues"},"repository":{"type":"git","url":"https://github.com/argon/node-apn.git"},"dependencies":{"q":"0.9.x"},"engines":{"node":">= 0.6.6"},"license":"MIT","_id":"apn@1.3.3","dist":{"shasum":"520a95f65100fec8dd2d581d9e39d4d60ae45b81","tarball":"https://registry.npmjs.org/apn/-/apn-1.3.3.tgz"},"_from":".","_npmVersion":"1.2.17","_npmUser":{"name":"argon","email":"argon@mkbot.net"},"maintainers":[{"name":"argon","email":"argon@mkbot.net"}],"directories":{}},"1.3.4":{"name":"apn","description":"An interface to the Apple Push Notification service for Node.js","version":"1.3.4","author":{"name":"Andrew Naylor","email":"argon@mkbot.net"},"contributors":[{"name":"Andrew Naylor","email":"argon@mkbot.net"}],"keywords":["apple","push","push notifications","iOS","apns","notifications"],"main":"index.js","bugs":{"email":"argon@mkbot.net","url":"https://github.com/argon/node-apn/issues"},"repository":{"type":"git","url":"https://github.com/argon/node-apn.git"},"dependencies":{"q":"0.9.x"},"engines":{"node":">= 0.6.6"},"license":"MIT","_id":"apn@1.3.4","dist":{"shasum":"b12de422350b51c0874acd087f0420667e8cd5de","tarball":"https://registry.npmjs.org/apn/-/apn-1.3.4.tgz"},"_from":".","_npmVersion":"1.2.18","_npmUser":{"name":"argon","email":"argon@mkbot.net"},"maintainers":[{"name":"argon","email":"argon@mkbot.net"}],"directories":{}},"1.3.5":{"name":"apn","description":"An interface to the Apple Push Notification service for Node.js","version":"1.3.5","author":{"name":"Andrew Naylor","email":"argon@mkbot.net"},"contributors":[{"name":"Andrew Naylor","email":"argon@mkbot.net"}],"keywords":["apple","push","push notifications","iOS","apns","notifications"],"main":"index.js","bugs":{"email":"argon@mkbot.net","url":"https://github.com/argon/node-apn/issues"},"repository":{"type":"git","url":"https://github.com/argon/node-apn.git"},"dependencies":{"q":"0.9.x"},"engines":{"node":">= 0.6.6"},"license":"MIT","_id":"apn@1.3.5","dist":{"shasum":"b8339dc3ff94c48198bccbd78e1b92bd4e5974d0","tarball":"https://registry.npmjs.org/apn/-/apn-1.3.5.tgz"},"_from":".","_npmVersion":"1.2.18","_npmUser":{"name":"argon","email":"argon@mkbot.net"},"maintainers":[{"name":"argon","email":"argon@mkbot.net"}],"directories":{}},"1.3.6":{"name":"apn","description":"An interface to the Apple Push Notification service for Node.js","version":"1.3.6","author":{"name":"Andrew Naylor","email":"argon@mkbot.net"},"contributors":[{"name":"Andrew Naylor","email":"argon@mkbot.net"}],"keywords":["apple","push","push notifications","iOS","apns","notifications"],"main":"index.js","bugs":{"email":"argon@mkbot.net","url":"https://github.com/argon/node-apn/issues"},"repository":{"type":"git","url":"https://github.com/argon/node-apn.git"},"dependencies":{"q":"0.9.x"},"engines":{"node":">= 0.6.6"},"license":"MIT","_id":"apn@1.3.6","dist":{"shasum":"0e617f9554c2f4f52605f2ff2a42b4edbd465ef4","tarball":"https://registry.npmjs.org/apn/-/apn-1.3.6.tgz"},"_from":".","_npmVersion":"1.2.18","_npmUser":{"name":"argon","email":"argon@mkbot.net"},"maintainers":[{"name":"argon","email":"argon@mkbot.net"}],"directories":{}},"1.3.7":{"name":"apn","description":"An interface to the Apple Push Notification service for Node.js","version":"1.3.7","author":{"name":"Andrew Naylor","email":"argon@mkbot.net"},"contributors":[{"name":"Andrew Naylor","email":"argon@mkbot.net"}],"keywords":["apple","push","push notifications","iOS","apns","notifications"],"main":"index.js","bugs":{"email":"argon@mkbot.net","url":"https://github.com/argon/node-apn/issues"},"repository":{"type":"git","url":"https://github.com/argon/node-apn.git"},"dependencies":{"q":"0.9.x"},"engines":{"node":">= 0.6.6"},"license":"MIT","_id":"apn@1.3.7","dist":{"shasum":"e8d0062f8339e6bf316215662790525222c84666","tarball":"https://registry.npmjs.org/apn/-/apn-1.3.7.tgz"},"_from":".","_npmVersion":"1.2.18","_npmUser":{"name":"argon","email":"argon@mkbot.net"},"maintainers":[{"name":"argon","email":"argon@mkbot.net"}],"directories":{}},"1.3.8":{"name":"apn","description":"An interface to the Apple Push Notification service for Node.js","version":"1.3.8","author":{"name":"Andrew Naylor","email":"argon@mkbot.net"},"contributors":[{"name":"Andrew Naylor","email":"argon@mkbot.net"}],"keywords":["apple","push","push notifications","iOS","apns","notifications"],"main":"index.js","bugs":{"email":"argon@mkbot.net","url":"https://github.com/argon/node-apn/issues"},"repository":{"type":"git","url":"https://github.com/argon/node-apn.git"},"dependencies":{"q":"0.9.x"},"engines":{"node":">= 0.6.6"},"license":"MIT","_id":"apn@1.3.8","dist":{"shasum":"18ef48a152953df48e6258d675b53a59e900e150","tarball":"https://registry.npmjs.org/apn/-/apn-1.3.8.tgz"},"_from":".","_npmVersion":"1.2.18","_npmUser":{"name":"argon","email":"argon@mkbot.net"},"maintainers":[{"name":"argon","email":"argon@mkbot.net"}],"directories":{}},"1.4.0":{"name":"apn","description":"An interface to the Apple Push Notification service for Node.js","version":"1.4.0","author":{"name":"Andrew Naylor","email":"argon@mkbot.net"},"contributors":[{"name":"Andrew Naylor","email":"argon@mkbot.net"}],"keywords":["apple","push","push notifications","iOS","apns","notifications"],"main":"index.js","bugs":{"email":"argon@mkbot.net","url":"https://github.com/argon/node-apn/issues"},"repository":{"type":"git","url":"https://github.com/argon/node-apn.git"},"dependencies":{"q":"0.9.x"},"engines":{"node":">= 0.6.6"},"license":"MIT","_id":"apn@1.4.0","dist":{"shasum":"314a158a634b90b86ada3059a3e166aeacd4de12","tarball":"https://registry.npmjs.org/apn/-/apn-1.4.0.tgz"},"_from":".","_npmVersion":"1.2.18","_npmUser":{"name":"argon","email":"argon@mkbot.net"},"maintainers":[{"name":"argon","email":"argon@mkbot.net"}],"directories":{},"deprecated":"Syntax Error"},"1.4.1":{"name":"apn","description":"An interface to the Apple Push Notification service for Node.js","version":"1.4.1","author":{"name":"Andrew Naylor","email":"argon@mkbot.net"},"contributors":[{"name":"Andrew Naylor","email":"argon@mkbot.net"}],"keywords":["apple","push","push notifications","iOS","apns","notifications"],"main":"index.js","bugs":{"url":"https://github.com/argon/node-apn/issues","email":"argon@mkbot.net"},"repository":{"type":"git","url":"https://github.com/argon/node-apn.git"},"dependencies":{"q":"0.9.x"},"engines":{"node":">= 0.6.6"},"license":"MIT","_id":"apn@1.4.1","dist":{"shasum":"9a136fbc3defaa3491be9b28544620764508b8d4","tarball":"https://registry.npmjs.org/apn/-/apn-1.4.1.tgz"},"_from":".","_npmVersion":"1.3.11","_npmUser":{"name":"argon","email":"argon@mkbot.net"},"maintainers":[{"name":"argon","email":"argon@mkbot.net"}],"directories":{}},"1.4.2":{"name":"apn","description":"An interface to the Apple Push Notification service for Node.js","version":"1.4.2","author":{"name":"Andrew Naylor","email":"argon@mkbot.net"},"contributors":[{"name":"Andrew Naylor","email":"argon@mkbot.net"}],"keywords":["apple","push","push notifications","iOS","apns","notifications"],"main":"index.js","bugs":{"url":"https://github.com/argon/node-apn/issues","email":"argon@mkbot.net"},"repository":{"type":"git","url":"https://github.com/argon/node-apn.git"},"dependencies":{"q":"0.9.x"},"engines":{"node":">= 0.6.6"},"license":"MIT","_id":"apn@1.4.2","dist":{"shasum":"1824517f60fabe3db97f5795897c0a38780ce86d","tarball":"https://registry.npmjs.org/apn/-/apn-1.4.2.tgz"},"_from":".","_npmVersion":"1.3.11","_npmUser":{"name":"argon","email":"argon@mkbot.net"},"maintainers":[{"name":"argon","email":"argon@mkbot.net"}],"directories":{}},"1.4.3":{"name":"apn","description":"An interface to the Apple Push Notification service for Node.js","version":"1.4.3","author":{"name":"Andrew Naylor","email":"argon@mkbot.net"},"contributors":[{"name":"Andrew Naylor","email":"argon@mkbot.net"}],"keywords":["apple","push","push notifications","iOS","apns","notifications"],"main":"index.js","bugs":{"url":"https://github.com/argon/node-apn/issues","email":"argon@mkbot.net"},"repository":{"type":"git","url":"https://github.com/argon/node-apn.git"},"dependencies":{"q":"0.9.x"},"engines":{"node":">= 0.6.6"},"license":"MIT","_id":"apn@1.4.3","dist":{"shasum":"25935ad8787c72c0485610971fa04f9555e781ea","tarball":"https://registry.npmjs.org/apn/-/apn-1.4.3.tgz"},"_from":".","_npmVersion":"1.3.11","_npmUser":{"name":"argon","email":"argon@mkbot.net"},"maintainers":[{"name":"argon","email":"argon@mkbot.net"}],"directories":{}},"1.4.4":{"name":"apn","description":"An interface to the Apple Push Notification service for Node.js","version":"1.4.4","author":{"name":"Andrew Naylor","email":"argon@mkbot.net"},"contributors":[{"name":"Andrew Naylor","email":"argon@mkbot.net"}],"keywords":["apple","push","push notifications","iOS","apns","notifications"],"main":"index.js","bugs":{"url":"https://github.com/argon/node-apn/issues","email":"argon@mkbot.net"},"repository":{"type":"git","url":"https://github.com/argon/node-apn.git"},"dependencies":{"q":"0.9.x"},"engines":{"node":">= 0.6.6"},"license":"MIT","_id":"apn@1.4.4","dist":{"shasum":"9239dc68c377dd1cb2ea876b2f64e2c0e8c1bbaa","tarball":"https://registry.npmjs.org/apn/-/apn-1.4.4.tgz"},"_from":".","_npmVersion":"1.3.11","_npmUser":{"name":"argon","email":"argon@mkbot.net"},"maintainers":[{"name":"argon","email":"argon@mkbot.net"}],"directories":{}},"1.5.1":{"name":"apn","description":"An interface to the Apple Push Notification service for Node.js","version":"1.5.1","author":{"name":"Andrew Naylor","email":"argon@mkbot.net"},"contributors":[{"name":"Andrew Naylor","email":"argon@mkbot.net"}],"keywords":["apple","push","push notifications","iOS","apns","notifications"],"main":"index.js","bugs":{"url":"https://github.com/argon/node-apn/issues","email":"argon@mkbot.net"},"repository":{"type":"git","url":"https://github.com/argon/node-apn.git"},"dependencies":{"q":"0.9.x"},"devDependencies":{"mocha":"*","should":"3.x.x"},"scripts":{"test":"mocha -w"},"engines":{"node":">= 0.6.6"},"license":"MIT","homepage":"https://github.com/argon/node-apn","_id":"apn@1.5.1","dist":{"shasum":"9f0490d49874fc15f1dd4c1dfd801676c46b129d","tarball":"https://registry.npmjs.org/apn/-/apn-1.5.1.tgz"},"_from":".","_npmVersion":"1.4.3","_npmUser":{"name":"argon","email":"argon@mkbot.net"},"maintainers":[{"name":"argon","email":"argon@mkbot.net"}],"directories":{}},"1.5.2":{"name":"apn","description":"An interface to the Apple Push Notification service for Node.js","version":"1.5.2","author":{"name":"Andrew Naylor","email":"argon@mkbot.net"},"contributors":[{"name":"Andrew Naylor","email":"argon@mkbot.net"}],"keywords":["apple","push","push notifications","iOS","apns","notifications"],"main":"index.js","bugs":{"url":"https://github.com/argon/node-apn/issues","email":"argon@mkbot.net"},"repository":{"type":"git","url":"https://github.com/argon/node-apn.git"},"dependencies":{"q":"1.x"},"devDependencies":{"mocha":"*","chai":"*","chai-as-promised":"*"},"scripts":{"test":"mocha -w"},"engines":{"node":">= 0.6.6"},"license":"MIT","homepage":"https://github.com/argon/node-apn","_id":"apn@1.5.2","dist":{"shasum":"3bf93a2fcb45ac861d972403f252eb8f7e97f502","tarball":"https://registry.npmjs.org/apn/-/apn-1.5.2.tgz"},"_from":".","_npmVersion":"1.4.3","_npmUser":{"name":"argon","email":"argon@mkbot.net"},"maintainers":[{"name":"argon","email":"argon@mkbot.net"}],"directories":{}},"1.6.0":{"name":"apn","description":"An interface to the Apple Push Notification service for Node.js","version":"1.6.0","author":{"name":"Andrew Naylor","email":"argon@mkbot.net"},"contributors":[{"name":"Andrew Naylor","email":"argon@mkbot.net"}],"keywords":["apple","push","push notifications","iOS","apns","notifications"],"main":"index.js","bugs":{"url":"https://github.com/argon/node-apn/issues","email":"argon@mkbot.net"},"repository":{"type":"git","url":"https://github.com/argon/node-apn.git"},"dependencies":{"q":"1.x"},"devDependencies":{"mocha":"*","chai":"*","chai-as-promised":"*"},"scripts":{"test":"mocha -w"},"engines":{"node":">= 0.6.14"},"license":"MIT","homepage":"https://github.com/argon/node-apn","_id":"apn@1.6.0","dist":{"shasum":"8f01e15c5511ff70bac51c390bc4b6c3bb8b1be3","tarball":"https://registry.npmjs.org/apn/-/apn-1.6.0.tgz"},"_from":".","_npmVersion":"1.4.3","_npmUser":{"name":"argon","email":"argon@mkbot.net"},"maintainers":[{"name":"argon","email":"argon@mkbot.net"}],"directories":{}},"1.6.1":{"name":"apn","description":"An interface to the Apple Push Notification service for Node.js","version":"1.6.1","author":{"name":"Andrew Naylor","email":"argon@mkbot.net"},"contributors":[{"name":"Andrew Naylor","email":"argon@mkbot.net"}],"keywords":["apple","push","push notifications","iOS","apns","notifications"],"main":"index.js","bugs":{"url":"https://github.com/argon/node-apn/issues","email":"argon@mkbot.net"},"repository":{"type":"git","url":"https://github.com/argon/node-apn.git"},"dependencies":{"q":"1.x"},"devDependencies":{"mocha":"*","chai":"*","chai-as-promised":"*"},"scripts":{"test":"mocha -w"},"engines":{"node":">= 0.6.14"},"license":"MIT","gitHead":"9b38b7c226d3bc569a1159c10e738820cdeed5cb","homepage":"https://github.com/argon/node-apn","_id":"apn@1.6.1","_shasum":"6ec787e941b23c2e8ed6935c29c6c107d8a605ff","_from":".","_npmVersion":"2.0.0-alpha-5","_npmUser":{"name":"argon","email":"argon@mkbot.net"},"maintainers":[{"name":"argon","email":"argon@mkbot.net"}],"dist":{"shasum":"6ec787e941b23c2e8ed6935c29c6c107d8a605ff","tarball":"https://registry.npmjs.org/apn/-/apn-1.6.1.tgz"},"directories":{}},"1.6.2":{"name":"apn","description":"An interface to the Apple Push Notification service for Node.js","version":"1.6.2","author":{"name":"Andrew Naylor","email":"argon@mkbot.net"},"contributors":[{"name":"Andrew Naylor","email":"argon@mkbot.net"}],"keywords":["apple","push","push notifications","iOS","apns","notifications"],"main":"index.js","bugs":{"url":"https://github.com/argon/node-apn/issues","email":"argon@mkbot.net"},"repository":{"type":"git","url":"https://github.com/argon/node-apn.git"},"dependencies":{"q":"1.x"},"devDependencies":{"mocha":"*","chai":"*","chai-as-promised":"*"},"scripts":{"test":"mocha -w"},"engines":{"node":">= 0.6.14"},"license":"MIT","gitHead":"bb81c39b5b79961a6f79937023bb1715dee4f621","homepage":"https://github.com/argon/node-apn","_id":"apn@1.6.2","_shasum":"c074d41220bdb7e6a19502075d4feba1968383f3","_from":".","_npmVersion":"2.0.0-alpha-5","_npmUser":{"name":"argon","email":"argon@mkbot.net"},"maintainers":[{"name":"argon","email":"argon@mkbot.net"}],"dist":{"shasum":"c074d41220bdb7e6a19502075d4feba1968383f3","tarball":"https://registry.npmjs.org/apn/-/apn-1.6.2.tgz"},"directories":{}},"1.7.0":{"name":"apn","description":"An interface to the Apple Push Notification service for Node.js","version":"1.7.0","author":{"name":"Andrew Naylor","email":"argon@mkbot.net"},"contributors":[{"name":"Andrew Naylor","email":"argon@mkbot.net"}],"keywords":["apple","push","push notifications","iOS","apns","notifications"],"main":"index.js","bugs":{"url":"https://github.com/argon/node-apn/issues","email":"argon@mkbot.net"},"repository":{"type":"git","url":"https://github.com/argon/node-apn.git"},"dependencies":{"node-forge":"^0.6.20","q":"1.1.x"},"devDependencies":{"chai":"*","chai-as-promised":"*","mocha":"*","sinon":"^1.12.2","sinon-chai":"^2.6.0"},"scripts":{"test":"mocha"},"engines":{"node":">= 0.6.14"},"license":"MIT","gitHead":"e3d71d155092d7a500797716e4f2fe48eec999c9","homepage":"https://github.com/argon/node-apn","_id":"apn@1.7.0","_shasum":"9d4c67922f15a77cfc12a4fde6f39bb7c7a90656","_from":".","_npmVersion":"2.3.0","_nodeVersion":"1.0.4","_npmUser":{"name":"argon","email":"argon@mkbot.net"},"maintainers":[{"name":"argon","email":"argon@mkbot.net"}],"dist":{"shasum":"9d4c67922f15a77cfc12a4fde6f39bb7c7a90656","tarball":"https://registry.npmjs.org/apn/-/apn-1.7.0.tgz"},"directories":{}},"1.7.1":{"name":"apn","description":"An interface to the Apple Push Notification service for Node.js","version":"1.7.1","author":{"name":"Andrew Naylor","email":"argon@mkbot.net"},"contributors":[{"name":"Andrew Naylor","email":"argon@mkbot.net"}],"keywords":["apple","push","push notifications","iOS","apns","notifications"],"main":"index.js","bugs":{"url":"https://github.com/argon/node-apn/issues","email":"argon@mkbot.net"},"repository":{"type":"git","url":"https://github.com/argon/node-apn.git"},"dependencies":{"node-forge":"^0.6.20","q":"1.1.x"},"devDependencies":{"chai":"*","chai-as-promised":"*","mocha":"*","sinon":"^1.12.2","sinon-chai":"^2.6.0"},"scripts":{"test":"mocha"},"jshintConfig":{"node":true,"strict":false},"engines":{"node":">= 0.6.14"},"license":"MIT","gitHead":"553131479b99304c536661b5d310e938cbd6f503","homepage":"https://github.com/argon/node-apn","_id":"apn@1.7.1","_shasum":"ef298a453e7dcb203a0583d0956517a54cb09403","_from":".","_npmVersion":"1.4.28","_npmUser":{"name":"argon","email":"argon@mkbot.net"},"maintainers":[{"name":"argon","email":"argon@mkbot.net"}],"dist":{"shasum":"ef298a453e7dcb203a0583d0956517a54cb09403","tarball":"https://registry.npmjs.org/apn/-/apn-1.7.1.tgz"},"directories":{}},"1.7.2":{"name":"apn","description":"An interface to the Apple Push Notification service for Node.js","version":"1.7.2","author":{"name":"Andrew Naylor","email":"argon@mkbot.net"},"contributors":[{"name":"Andrew Naylor","email":"argon@mkbot.net"}],"keywords":["apple","push","push notifications","iOS","apns","notifications"],"main":"index.js","bugs":{"url":"https://github.com/argon/node-apn/issues","email":"argon@mkbot.net"},"repository":{"type":"git","url":"https://github.com/argon/node-apn.git"},"dependencies":{"node-forge":"0.6.x","q":"1.1.x"},"devDependencies":{"chai":"1.x","chai-as-promised":"*","mocha":"*","rewire":"2.2.x","sinon":"1.x","sinon-chai":"2.x"},"scripts":{"test":"mocha"},"jshintConfig":{"node":true},"engines":{"node":">= 0.6.14"},"license":"MIT","gitHead":"bb47e03452e673b2ab12de2402fe24782a13a816","homepage":"https://github.com/argon/node-apn","_id":"apn@1.7.2","_shasum":"f05758b96798b4af559d5c11cd961998ba3d70f9","_from":".","_npmVersion":"2.5.1","_nodeVersion":"1.2.0","_npmUser":{"name":"argon","email":"argon@mkbot.net"},"maintainers":[{"name":"argon","email":"argon@mkbot.net"}],"dist":{"shasum":"f05758b96798b4af559d5c11cd961998ba3d70f9","tarball":"https://registry.npmjs.org/apn/-/apn-1.7.2.tgz"},"directories":{}},"1.7.3":{"name":"apn","description":"An interface to the Apple Push Notification service for Node.js","version":"1.7.3","author":{"name":"Andrew Naylor","email":"argon@mkbot.net"},"contributors":[{"name":"Andrew Naylor","email":"argon@mkbot.net"}],"keywords":["apple","push","push notifications","iOS","apns","notifications"],"main":"index.js","bugs":{"url":"https://github.com/argon/node-apn/issues","email":"argon@mkbot.net"},"repository":{"type":"git","url":"https://github.com/argon/node-apn.git"},"dependencies":{"node-forge":"0.6.x","q":">1.1.0 < 2.0.0"},"devDependencies":{"chai":"2.x","chai-as-promised":"*","mocha":"*","rewire":"2.3.x","sinon":"1.x","sinon-chai":"2.x"},"scripts":{"test":"mocha"},"jshintConfig":{"node":true},"engines":{"node":">= 0.8.0"},"license":"MIT","gitHead":"0ac3d669cab1ebb2fc2f2241d38c34a4552a85bf","homepage":"https://github.com/argon/node-apn","_id":"apn@1.7.3","_shasum":"40218a564bebe6860a7d86b0003cd2db57db8e7e","_from":".","_npmVersion":"2.6.1","_nodeVersion":"1.4.2","_npmUser":{"name":"argon","email":"argon@mkbot.net"},"maintainers":[{"name":"argon","email":"argon@mkbot.net"}],"dist":{"shasum":"40218a564bebe6860a7d86b0003cd2db57db8e7e","tarball":"https://registry.npmjs.org/apn/-/apn-1.7.3.tgz"},"directories":{}},"1.7.4":{"name":"apn","description":"An interface to the Apple Push Notification service for Node.js","version":"1.7.4","author":{"name":"Andrew Naylor","email":"argon@mkbot.net"},"contributors":[{"name":"Andrew Naylor","email":"argon@mkbot.net"}],"keywords":["apple","push","push notifications","iOS","apns","notifications"],"main":"index.js","bugs":{"url":"https://github.com/argon/node-apn/issues","email":"argon@mkbot.net"},"repository":{"type":"git","url":"https://github.com/argon/node-apn.git"},"dependencies":{"debug":"^2.1.3","node-forge":"^0.6.20","q":"^1.1.0"},"devDependencies":{"chai":"2.x","chai-as-promised":"*","lolex":"^1.2.1","mocha":"*","rewire":"^2.3.0","sinon":"^1.12.2","sinon-chai":"^2.6.0"},"scripts":{"test":"mocha"},"jshintConfig":{"node":true},"engines":{"node":">= 0.8.0"},"license":"MIT","gitHead":"482a149518e3b7a9ed80079d491374d2060db687","homepage":"https://github.com/argon/node-apn","_id":"apn@1.7.4","_shasum":"0845c4563de912aa1787abcb5bde895ac83b2d4d","_from":".","_npmVersion":"2.7.3","_nodeVersion":"0.12.4","_npmUser":{"name":"argon","email":"argon@mkbot.net"},"maintainers":[{"name":"argon","email":"argon@mkbot.net"}],"dist":{"shasum":"0845c4563de912aa1787abcb5bde895ac83b2d4d","tarball":"https://registry.npmjs.org/apn/-/apn-1.7.4.tgz"},"directories":{}},"1.7.5":{"name":"apn","description":"An interface to the Apple Push Notification service for Node.js","version":"1.7.5","author":{"name":"Andrew Naylor","email":"argon@mkbot.net"},"contributors":[{"name":"Andrew Naylor","email":"argon@mkbot.net"}],"keywords":["apple","push","push notifications","iOS","apns","notifications"],"main":"index.js","bugs":{"url":"https://github.com/argon/node-apn/issues","email":"argon@mkbot.net"},"repository":{"type":"git","url":"https://github.com/argon/node-apn.git"},"dependencies":{"debug":"^2.2.0","node-forge":"^0.6.20","q":"^1.1.0"},"devDependencies":{"chai":"3.x","chai-as-promised":"*","lolex":"^1.2.1","mocha":"*","rewire":"^2.3.0","sinon":"^1.12.2","sinon-chai":"^2.6.0"},"scripts":{"test":"mocha"},"jshintConfig":{"node":true},"engines":{"node":">= 0.8.0"},"license":"MIT","gitHead":"c5187c8bb499a9bcd4c3fc0e85296b0a2164ebe5","homepage":"https://github.com/argon/node-apn","_id":"apn@1.7.5","_shasum":"ecdea562b7bf831eb92f0f8a2a2b03776489126a","_from":".","_npmVersion":"2.7.3","_nodeVersion":"4.1.2","_npmUser":{"name":"argon","email":"argon@mkbot.net"},"dist":{"shasum":"ecdea562b7bf831eb92f0f8a2a2b03776489126a","tarball":"https://registry.npmjs.org/apn/-/apn-1.7.5.tgz"},"maintainers":[{"name":"argon","email":"argon@mkbot.net"}],"directories":{}},"1.7.6":{"name":"apn","description":"An interface to the Apple Push Notification service for Node.js","version":"1.7.6","author":{"name":"Andrew Naylor","email":"argon@mkbot.net"},"contributors":[{"name":"Andrew Naylor","email":"argon@mkbot.net"}],"keywords":["apple","push","push notifications","iOS","apns","notifications"],"main":"index.js","bugs":{"url":"https://github.com/argon/node-apn/issues","email":"argon@mkbot.net"},"repository":{"type":"git","url":"https://github.com/argon/node-apn.git"},"dependencies":{"debug":"^2.2.0","node-forge":"^0.6.20","q":"^1.1.0"},"devDependencies":{"chai":"3.x","chai-as-promised":"*","lolex":"^1.2.1","mocha":"*","rewire":"^2.3.0","sinon":"^1.12.2","sinon-chai":"^2.6.0"},"scripts":{"test":"mocha"},"jshintConfig":{"node":true},"engines":{"node":">= 0.8.0"},"license":"MIT","gitHead":"0bc5e746c93db792bd1b2a7c87ee79bab4de1a43","homepage":"https://github.com/argon/node-apn","_id":"apn@1.7.6","_shasum":"7777e41cef4d67c5fcd84d87978c31b5683913f6","_from":".","_npmVersion":"2.7.3","_nodeVersion":"4.1.2","_npmUser":{"name":"argon","email":"argon@mkbot.net"},"dist":{"shasum":"7777e41cef4d67c5fcd84d87978c31b5683913f6","tarball":"https://registry.npmjs.org/apn/-/apn-1.7.6.tgz"},"maintainers":[{"name":"argon","email":"argon@mkbot.net"}],"_npmOperationalInternal":{"host":"packages-12-west.internal.npmjs.com","tmp":"tmp/apn-1.7.6.tgz_1464968633484_0.3550796208437532"},"directories":{}},"2.0.0-alpha1":{"name":"apn","description":"An interface to the Apple Push Notification service for Node.js","version":"2.0.0-alpha1","author":{"name":"Andrew Naylor","email":"argon@mkbot.net"},"contributors":[{"name":"Andrew Naylor","email":"argon@mkbot.net"}],"keywords":["apple","push","push notifications","iOS","apns","notifications"],"main":"index.js","bugs":{"url":"https://github.com/argon/node-apn/issues","email":"argon@mkbot.net"},"repository":{"type":"git","url":"git+https://github.com/argon/node-apn.git"},"dependencies":{"debug":"^2.1.3","http2":"git+https://github.com/argon/node-http2.git#master","node-forge":"^0.6.20","bluebird":"*"},"devDependencies":{"chai":"2.x","chai-as-promised":"*","mocha":"*","sinon":"^1.12.2","sinon-chai":"^2.6.0"},"scripts":{"test":"mocha"},"jshintConfig":{"node":true},"eslintConfig":{"ecmaVersion":6,"env":{"es6":true,"node":true}},"engines":{"node":">= 4.0.0"},"license":"MIT","gitHead":"21923ec914f7aeba60840057ac6c4cff679f0136","homepage":"https://github.com/argon/node-apn#readme","_id":"apn@2.0.0-alpha1","_shasum":"7e1cc895d9cff5fb83c08a8d5410322879876579","_from":".","_npmVersion":"3.8.9","_nodeVersion":"6.2.0","_npmUser":{"name":"argon","email":"argon@mkbot.net"},"dist":{"shasum":"7e1cc895d9cff5fb83c08a8d5410322879876579","tarball":"https://registry.npmjs.org/apn/-/apn-2.0.0-alpha1.tgz"},"maintainers":[{"name":"argon","email":"argon@mkbot.net"}],"_npmOperationalInternal":{"host":"packages-16-east.internal.npmjs.com","tmp":"tmp/apn-2.0.0-alpha1.tgz_1466983092225_0.7600031236652285"},"directories":{}},"1.7.7":{"name":"apn","description":"An interface to the Apple Push Notification service for Node.js","version":"1.7.7","author":{"name":"Andrew Naylor","email":"argon@mkbot.net"},"contributors":[{"name":"Andrew Naylor","email":"argon@mkbot.net"}],"keywords":["apple","push","push notifications","iOS","apns","notifications"],"main":"index.js","bugs":{"url":"https://github.com/argon/node-apn/issues","email":"argon@mkbot.net"},"repository":{"type":"git","url":"https://github.com/argon/node-apn.git"},"dependencies":{"debug":"^2.2.0","node-forge":"^0.6.20","q":"^1.1.0"},"devDependencies":{"chai":"3.x","chai-as-promised":"*","lolex":"^1.2.1","mocha":"*","rewire":"^2.3.0","sinon":"^1.12.2","sinon-chai":"^2.6.0"},"scripts":{"test":"mocha"},"jshintConfig":{"node":true},"engines":{"node":">= 0.8.0"},"license":"MIT","gitHead":"eccd565975adbe5c40208f7763c9cf897f1fef73","homepage":"https://github.com/argon/node-apn","_id":"apn@1.7.7","_shasum":"4f9ded3400f5f3002daf0500f75db0b33b5ede01","_from":".","_npmVersion":"2.7.3","_nodeVersion":"4.1.2","_npmUser":{"name":"argon","email":"argon@mkbot.net"},"dist":{"shasum":"4f9ded3400f5f3002daf0500f75db0b33b5ede01","tarball":"https://registry.npmjs.org/apn/-/apn-1.7.7.tgz"},"maintainers":[{"name":"argon","email":"argon@mkbot.net"}],"_npmOperationalInternal":{"host":"packages-12-west.internal.npmjs.com","tmp":"tmp/apn-1.7.7.tgz_1468965073842_0.7602293470408767"},"directories":{}},"1.7.8":{"name":"apn","description":"An interface to the Apple Push Notification service for Node.js","version":"1.7.8","author":{"name":"Andrew Naylor","email":"argon@mkbot.net"},"contributors":[{"name":"Andrew Naylor","email":"argon@mkbot.net"}],"keywords":["apple","push","push notifications","iOS","apns","notifications"],"main":"index.js","bugs":{"url":"https://github.com/argon/node-apn/issues","email":"argon@mkbot.net"},"repository":{"type":"git","url":"https://github.com/argon/node-apn.git"},"dependencies":{"debug":"^2.2.0","node-forge":"^0.6.20","q":"^1.1.0"},"devDependencies":{"chai":"3.x","chai-as-promised":"*","lolex":"^1.2.1","mocha":"*","rewire":"^2.3.0","sinon":"^1.12.2","sinon-chai":"^2.6.0"},"scripts":{"test":"mocha"},"jshintConfig":{"node":true},"engines":{"node":">= 0.8.0"},"license":"MIT","gitHead":"805e0c0e6ab8e9f73477d8f0057366d709a2fac7","homepage":"https://github.com/argon/node-apn","_id":"apn@1.7.8","_shasum":"1e9da428fb57afa957e54223bef7342c02c24cda","_from":".","_npmVersion":"2.7.3","_nodeVersion":"4.1.2","_npmUser":{"name":"argon","email":"argon@mkbot.net"},"dist":{"shasum":"1e9da428fb57afa957e54223bef7342c02c24cda","tarball":"https://registry.npmjs.org/apn/-/apn-1.7.8.tgz"},"maintainers":[{"name":"argon","email":"argon@mkbot.net"}],"_npmOperationalInternal":{"host":"packages-12-west.internal.npmjs.com","tmp":"tmp/apn-1.7.8.tgz_1470423772851_0.17204005783423781"},"directories":{}},"2.0.0":{"name":"apn","description":"An interface to the Apple Push Notification service for Node.js","version":"2.0.0","author":{"name":"Andrew Naylor","email":"argon@mkbot.net"},"contributors":[{"name":"Andrew Naylor","email":"argon@mkbot.net"}],"keywords":["apple","push","push notifications","iOS","apns","notifications"],"main":"index.js","bugs":{"url":"https://github.com/argon/node-apn/issues","email":"argon@mkbot.net"},"repository":{"type":"git","url":"git+https://github.com/argon/node-apn.git"},"dependencies":{"debug":"^2.2.0","http2":"git+https://github.com/argon/node-http2.git#apn-2.0.0","node-forge":"^0.6.20","verror":"*"},"devDependencies":{"chai":"3.x","chai-as-promised":"*","mocha":"*","sinon":"^1.12.2","sinon-chai":"^2.6.0"},"scripts":{"test":"mocha"},"jshintConfig":{"node":true},"eslintConfig":{"ecmaVersion":6,"env":{"es6":true,"node":true}},"engines":{"node":">= 4.0.0"},"license":"MIT","gitHead":"4849a7dcf8de12cc0affba49efb321b099f0132a","homepage":"https://github.com/argon/node-apn#readme","_id":"apn@2.0.0","_shasum":"2c5edd9867869893329e988e4f96755b9c36301f","_from":".","_npmVersion":"3.8.6","_nodeVersion":"5.12.0","_npmUser":{"name":"argon","email":"argon@mkbot.net"},"dist":{"shasum":"2c5edd9867869893329e988e4f96755b9c36301f","tarball":"https://registry.npmjs.org/apn/-/apn-2.0.0.tgz"},"maintainers":[{"name":"argon","email":"argon@mkbot.net"}],"_npmOperationalInternal":{"host":"packages-12-west.internal.npmjs.com","tmp":"tmp/apn-2.0.0.tgz_1474501669172_0.8938801793847233"},"directories":{}},"2.1.0":{"name":"apn","description":"An interface to the Apple Push Notification service for Node.js","version":"2.1.0","author":{"name":"Andrew Naylor","email":"argon@mkbot.net"},"contributors":[{"name":"Andrew Naylor","email":"argon@mkbot.net"}],"keywords":["apple","push","push notifications","iOS","apns","notifications"],"main":"index.js","bugs":{"url":"https://github.com/argon/node-apn/issues","email":"argon@mkbot.net"},"repository":{"type":"git","url":"git+https://github.com/argon/node-apn.git"},"dependencies":{"debug":"^2.2.0","http2":"git+https://github.com/argon/node-http2.git#apn-2.0.0","node-forge":"^0.6.20","jsonwebtoken":"^7.1.9","verror":"^1.8.1"},"devDependencies":{"chai":"3.x","chai-as-promised":"*","mocha":"*","sinon":"^1.12.2","sinon-chai":"^2.6.0"},"scripts":{"test":"mocha"},"jshintConfig":{"node":true},"eslintConfig":{"ecmaVersion":6,"env":{"es6":true,"node":true}},"engines":{"node":">= 4.0.0"},"license":"MIT","gitHead":"d1354461c8dbeec136b08858eadded8d73487204","homepage":"https://github.com/argon/node-apn#readme","_id":"apn@2.1.0","_shasum":"781077a3327404e972039ac33f348d60295718eb","_from":".","_npmVersion":"3.8.6","_nodeVersion":"5.12.0","_npmUser":{"name":"argon","email":"argon@mkbot.net"},"dist":{"shasum":"781077a3327404e972039ac33f348d60295718eb","tarball":"https://registry.npmjs.org/apn/-/apn-2.1.0.tgz"},"maintainers":[{"name":"argon","email":"argon@mkbot.net"}],"_npmOperationalInternal":{"host":"packages-12-west.internal.npmjs.com","tmp":"tmp/apn-2.1.0.tgz_1474682254892_0.1313959271647036"},"directories":{}},"2.1.1":{"name":"apn","description":"An interface to the Apple Push Notification service for Node.js","version":"2.1.1","author":{"name":"Andrew Naylor","email":"argon@mkbot.net"},"contributors":[{"name":"Florian Reinhart","email":"florian.reinhart@gmail.com"}],"keywords":["apple","push","push notifications","iOS","apns","notifications"],"main":"index.js","bugs":{"url":"https://github.com/node-apn/node-apn/issues","email":"florian.reinhart@gmail.com"},"repository":{"type":"git","url":"git+https://github.com/node-apn/node-apn.git"},"dependencies":{"debug":"^2.2.0","http2":"https://github.com/node-apn/node-http2/archive/apn-2.0.0.tar.gz","node-forge":"^0.6.20","jsonwebtoken":"^7.1.9","verror":"^1.8.1"},"devDependencies":{"chai":"3.x","chai-as-promised":"*","mocha":"*","sinon":"^1.12.2","sinon-chai":"^2.6.0"},"scripts":{"test":"mocha"},"jshintConfig":{"node":true},"eslintConfig":{"ecmaVersion":6,"env":{"es6":true,"node":true}},"engines":{"node":">= 4.0.0"},"license":"MIT","gitHead":"4540523edf8782b063bc37c719f9d86b4aff3408","homepage":"https://github.com/node-apn/node-apn#readme","_id":"apn@2.1.1","_shasum":"2f8d3980b12a156f5efb1ab2cd0367307cf35fc9","_from":".","_npmVersion":"3.10.3","_nodeVersion":"6.7.0","_npmUser":{"name":"florianreinhart","email":"florian.reinhart@gmail.com"},"dist":{"shasum":"2f8d3980b12a156f5efb1ab2cd0367307cf35fc9","tarball":"https://registry.npmjs.org/apn/-/apn-2.1.1.tgz"},"maintainers":[{"name":"argon","email":"argon@mkbot.net"},{"name":"florianreinhart","email":"florian.reinhart@gmail.com"}],"_npmOperationalInternal":{"host":"packages-12-west.internal.npmjs.com","tmp":"tmp/apn-2.1.1.tgz_1475430454034_0.4375759188551456"},"directories":{}},"2.1.2":{"name":"apn","description":"An interface to the Apple Push Notification service for Node.js","version":"2.1.2","author":{"name":"Andrew Naylor","email":"argon@mkbot.net"},"contributors":[{"name":"Florian Reinhart","email":"florian.reinhart@gmail.com"}],"keywords":["apple","push","push notifications","iOS","apns","notifications"],"main":"index.js","types":"index.d.ts","bugs":{"url":"https://github.com/node-apn/node-apn/issues","email":"florian.reinhart@gmail.com"},"repository":{"type":"git","url":"git+https://github.com/node-apn/node-apn.git"},"dependencies":{"debug":"^2.3.0","http2":"https://github.com/node-apn/node-http2/archive/apn-2.1.2.tar.gz","node-forge":"^0.6.45","jsonwebtoken":"^7.1.9","verror":"^1.8.1"},"devDependencies":{"chai":"3.x","chai-as-promised":"*","mocha":"*","sinon":"^1.12.2","sinon-chai":"^2.6.0"},"scripts":{"test":"mocha"},"jshintConfig":{"node":true},"eslintConfig":{"ecmaVersion":6,"env":{"es6":true,"node":true}},"engines":{"node":">= 4.0.0"},"license":"MIT","gitHead":"79b8cd1dff94229e0d8b6f875c700469fce44e05","homepage":"https://github.com/node-apn/node-apn#readme","_id":"apn@2.1.2","_shasum":"58336e22e70339c8cb2c4ae41eb61bcbbab9372a","_from":".","_npmVersion":"3.10.8","_nodeVersion":"6.9.1","_npmUser":{"name":"florianreinhart","email":"florian.reinhart@gmail.com"},"dist":{"shasum":"58336e22e70339c8cb2c4ae41eb61bcbbab9372a","tarball":"https://registry.npmjs.org/apn/-/apn-2.1.2.tgz"},"maintainers":[{"name":"argon","email":"argon@mkbot.net"},{"name":"florianreinhart","email":"florian.reinhart@gmail.com"}],"_npmOperationalInternal":{"host":"packages-18-east.internal.npmjs.com","tmp":"tmp/apn-2.1.2.tgz_1478605465106_0.8260581777431071"},"directories":{}},"2.1.3":{"name":"apn","description":"An interface to the Apple Push Notification service for Node.js","version":"2.1.3","author":{"name":"Andrew Naylor","email":"argon@mkbot.net"},"contributors":[{"name":"Florian Reinhart","email":"florian.reinhart@gmail.com"}],"keywords":["apple","push","push notifications","iOS","apns","notifications"],"main":"index.js","types":"index.d.ts","bugs":{"url":"https://github.com/node-apn/node-apn/issues","email":"florian.reinhart@gmail.com"},"repository":{"type":"git","url":"git+https://github.com/node-apn/node-apn.git"},"dependencies":{"debug":"^2.6.0","http2":"https://github.com/node-apn/node-http2/archive/apn-2.1.2.tar.gz","node-forge":"^0.6.48","jsonwebtoken":"^7.2.1","verror":"^1.9.0"},"devDependencies":{"chai":"3.x","chai-as-promised":"*","mocha":"*","sinon":"^1.12.2","sinon-chai":"^2.6.0"},"scripts":{"test":"mocha"},"jshintConfig":{"node":true},"eslintConfig":{"ecmaVersion":6,"env":{"es6":true,"node":true}},"engines":{"node":">= 4.6.0"},"license":"MIT","gitHead":"b4c31cb7c897a2600f19e53bd80612e06e765135","homepage":"https://github.com/node-apn/node-apn#readme","_id":"apn@2.1.3","_shasum":"88f57fc95b16e27d259ad399f41326c243e13d26","_from":".","_npmVersion":"4.1.2","_nodeVersion":"7.5.0","_npmUser":{"name":"florianreinhart","email":"florian.reinhart@gmail.com"},"dist":{"shasum":"88f57fc95b16e27d259ad399f41326c243e13d26","tarball":"https://registry.npmjs.org/apn/-/apn-2.1.3.tgz"},"maintainers":[{"name":"argon","email":"argon@mkbot.net"},{"name":"florianreinhart","email":"florian.reinhart@gmail.com"}],"_npmOperationalInternal":{"host":"packages-18-east.internal.npmjs.com","tmp":"tmp/apn-2.1.3.tgz_1486297943785_0.887096400372684"},"directories":{}},"2.1.4":{"name":"apn","description":"An interface to the Apple Push Notification service for Node.js","version":"2.1.4","author":{"name":"Andrew Naylor","email":"argon@mkbot.net"},"contributors":[{"name":"Florian Reinhart","email":"florian.reinhart@gmail.com"}],"keywords":["apple","push","push notifications","iOS","apns","notifications"],"main":"index.js","types":"index.d.ts","bugs":{"url":"https://github.com/node-apn/node-apn/issues","email":"florian.reinhart@gmail.com"},"repository":{"type":"git","url":"git+https://github.com/node-apn/node-apn.git"},"dependencies":{"debug":"^2.6.0","http2":"https://github.com/node-apn/node-http2/archive/apn-2.1.4.tar.gz","node-forge":"^0.6.48","jsonwebtoken":"^7.2.1","verror":"^1.9.0"},"devDependencies":{"chai":"3.x","chai-as-promised":"*","mocha":"*","sinon":"^1.12.2","sinon-chai":"^2.6.0"},"scripts":{"test":"mocha"},"jshintConfig":{"node":true},"eslintConfig":{"ecmaVersion":6,"env":{"es6":true,"node":true}},"engines":{"node":">= 4.6.0"},"license":"MIT","gitHead":"f7456dfe249905ce11a27b0217991d9cc36929a1","homepage":"https://github.com/node-apn/node-apn#readme","_id":"apn@2.1.4","_shasum":"0d6cb583893affa4c1606b507b3052b42810677b","_from":".","_npmVersion":"4.1.2","_nodeVersion":"7.7.4","_npmUser":{"name":"florianreinhart","email":"florian.reinhart@gmail.com"},"dist":{"shasum":"0d6cb583893affa4c1606b507b3052b42810677b","tarball":"https://registry.npmjs.org/apn/-/apn-2.1.4.tgz"},"maintainers":[{"name":"argon","email":"argon@mkbot.net"},{"name":"florianreinhart","email":"florian.reinhart@gmail.com"}],"_npmOperationalInternal":{"host":"packages-12-west.internal.npmjs.com","tmp":"tmp/apn-2.1.4.tgz_1490358271904_0.9466525884345174"},"directories":{}}},"maintainers":[{"name":"argon","email":"argon@mkbot.net"},{"name":"florianreinhart","email":"florian.reinhart@gmail.com"}],"time":{"modified":"2017-04-04T08:24:40.298Z","created":"2011-05-03T16:35:46.160Z","1.1.1":"2011-05-03T16:35:46.578Z","1.0.6":"2011-05-03T16:36:17.534Z","1.1.0":"2011-05-03T16:37:43.406Z","1.0.5":"2011-05-03T16:39:10.485Z","1.0.4":"2011-05-03T16:39:29.756Z","1.0.3":"2011-05-03T16:39:45.536Z","1.0.2":"2011-05-03T16:39:57.856Z","1.0.1":"2011-05-03T16:40:08.209Z","1.0.0":"2011-05-03T16:40:16.279Z","1.1.2":"2011-08-31T22:40:19.807Z","1.0.7":"2011-08-31T22:40:50.806Z","1.1.3":"2011-11-25T00:11:28.094Z","1.1.4":"2011-11-25T00:22:43.765Z","1.1.5":"2012-01-06T18:23:09.959Z","1.1.6":"2012-01-21T17:16:42.521Z","1.1.7":"2012-05-09T21:33:10.494Z","1.2.0":"2012-06-16T12:14:01.781Z","1.2.1":"2012-06-28T22:24:33.455Z","1.2.2":"2012-06-29T07:31:29.187Z","1.2.3":"2012-07-07T09:45:52.704Z","1.2.4":"2012-08-02T17:21:28.971Z","1.2.5":"2012-12-22T00:19:38.883Z","1.2.6":"2013-02-28T20:05:44.730Z","1.3.0":"2013-04-21T00:30:04.910Z","1.3.1":"2013-04-22T09:24:10.643Z","1.3.2":"2013-04-22T22:07:00.031Z","1.3.3":"2013-05-04T08:35:42.027Z","1.3.4":"2013-05-25T12:07:14.069Z","1.3.5":"2013-07-01T00:44:30.877Z","1.3.6":"2013-07-11T19:42:53.750Z","1.3.7":"2013-07-20T11:39:14.146Z","1.3.8":"2013-07-21T22:40:52.387Z","1.4.0":"2013-09-30T21:40:06.490Z","1.4.1":"2013-10-01T07:53:02.574Z","1.4.2":"2013-10-19T11:30:49.574Z","1.4.3":"2013-11-18T23:19:40.719Z","1.4.4":"2014-01-14T00:04:14.899Z","1.5.0":"2014-04-18T22:21:40.320Z","1.5.1":"2014-04-18T22:30:18.916Z","1.5.2":"2014-04-21T23:06:06.140Z","1.6.0":"2014-07-30T21:41:43.698Z","1.6.1":"2014-08-27T19:58:24.102Z","1.6.2":"2014-09-10T06:59:15.360Z","1.7.0":"2015-02-05T00:36:27.387Z","1.7.1":"2015-02-05T21:36:09.582Z","1.7.2":"2015-02-16T13:46:58.850Z","1.7.3":"2015-03-01T14:29:37.781Z","1.7.4":"2015-06-07T09:57:08.666Z","1.7.5":"2015-10-06T22:22:38.577Z","1.7.6":"2016-06-03T15:43:56.178Z","2.0.0-alpha":"2016-06-26T23:01:13.200Z","2.0.0-alpha1":"2016-06-26T23:18:14.708Z","1.7.7":"2016-07-19T21:51:15.797Z","1.7.8":"2016-08-05T19:02:55.132Z","2.0.0":"2016-09-21T23:47:51.583Z","2.1.0":"2016-09-24T01:57:37.358Z","2.1.1":"2016-10-02T17:47:35.905Z","2.1.2":"2016-11-08T11:44:25.814Z","2.1.3":"2017-02-05T12:32:24.565Z","2.1.4":"2017-03-24T12:24:34.155Z"},"author":{"name":"Andrew Naylor","email":"argon@mkbot.net"},"repository":{"type":"git","url":"git+https://github.com/node-apn/node-apn.git"},"users":{"gimenete":true,"sandeepmistry":true,"igorissen":true,"john.pinch":true,"lvivier":true,"oliversalzburg":true,"rchk":true,"dennisgnl":true,"peder541":true,"bkimminich":true,"peteryxu":true,"rboyce":true,"nilveryboring":true,"roshanravi10":true,"hollobit":true,"pingortle":true,"chrisayn":true,"alexey_detr":true,"arunrajmony":true,"arslan_mecom":true,"knownasilya":true,"jpepe":true,"sonhuytran":true,"ajduke":true,"chimit":true,"bret":true,"isik":true,"linuxwizard":true,"michelmelo":true,"flaviomarcioti":true,"traveltechymatt":true,"52u":true,"garustar":true,"nickeltobias":true,"holly":true,"chirag_purohit71085":true,"gz":true,"brunsky":true,"sammkj":true,"zorak":true,"ys_sidson_aidson":true,"papasavva":true,"michaelhuyp":true},"readme":"[<p align=\"center\"><img src=\"doc/logo.png\" alt=\"node-apn\" width=\"450\" height=\"auto\"></p>][node-apn]\n\nnode-apn\n========\n\n> A Node.js module for interfacing with the Apple Push Notification service.\n\n[![Maintenance help wanted](https://img.shields.io/badge/maintenance-help%20wanted-red.svg)](https://github.com/node-apn/node-apn/issues/436)\n[![Build status][ci-image] ][ci-url]\n[![Code coverage][coverage-image]][coverage-url]\n[![Codacy][codacy-image]][codacy-url]\n[![dependencies][dependencies-image]][dependencies-url]\n[![devdependencies][devdependencies-image]][devdependencies-url]\n\n[logo]:doc/logo.png\n[npm-image]:https://nodei.co/npm/apn.png?downloads=true\n[npm-url]:https://npmjs.com/package/apn\n[ci-image]:https://api.travis-ci.org/node-apn/node-apn.svg\n[ci-url]:https://travis-ci.org/node-apn/node-apn\n[coverage-image]:https://coveralls.io/repos/argon/node-apn/badge.svg?branch=develop\n[coverage-url]:https://coveralls.io/r/argon/node-apn\n[codacy-image]:https://www.codacy.com/project/badge/e7735fbe0db244f3b310657d0dabaa11\n[codacy-url]:https://www.codacy.com/public/argon/node-apn\n\n[dependencies-image]:https://david-dm.org/node-apn/node-apn/status.svg\n[dependencies-url]:https://david-dm.org/node-apn/node-apn\n[devdependencies-image]:https://david-dm.org/node-apn/node-apn/dev-status.svg\n[devdependencies-url]:https://david-dm.org/node-apn/node-apn?type=dev\n\n## Features\n\n- Based on HTTP/2 based provider API\n- Maintains a connection to the server to maximise notification batching and throughput.\n- Automatically resends unsent notifications if an error occurs\n\n## Installation\n\n[npm][] is the preferred installation method:\n\n  $ npm install apn\n\n## Quick Start\n\nThis readme is a brief introduction, please refer to the full [documentation](doc/apn.markdown) in `doc/` for more details.\n\nIf you have previously used v1.x and wish to learn more about what's changed in v2.0, please see [What's New](doc/whats-new.markdown)\n\n### Load in the module\n\n```javascript\nvar apn = require('apn');\n```\n\n### Connecting\nCreate a new connection to the Apple Push Notification provider API, passing a dictionary of options to the constructor. You must supply your token credentials in the options.\n\n```javascript\nvar options = {\n  token: {\n    key: \"path/to/key.p8\",\n    keyId: \"T0K3NK3Y1D\",\n    teamId: \"T34M1D\"\n  },\n  production: false\n};\n\nvar apnProvider = new apn.Provider(options);\n```\n\nBy default, the provider will connect to the sandbox unless the environment variable `NODE_ENV=production` is set.\n\nFor more information about configuration options consult the [provider documentation](doc/provider.markdown).\n\nHelp with preparing the key and certificate files for connection can be found in the [wiki][certificateWiki]\n\n### Sending a notification\nTo send a notification you will first need a device token from your app as a string\n\n```javascript\nlet deviceToken = \"a9d0ed10e9cfd022a61cb08753f49c5a0b0dfb383697bf9f9d750a1003da19c7\"\n```\n\nCreate a notification object, configuring it with the relevant parameters (See the [notification documentation](doc/notification.markdown) for more details.)\n\n```javascript\nvar note = new apn.Notification();\n\nnote.expiry = Math.floor(Date.now() / 1000) + 3600; // Expires 1 hour from now.\nnote.badge = 3;\nnote.sound = \"ping.aiff\";\nnote.alert = \"\\uD83D\\uDCE7 \\u2709 You have a new message\";\nnote.payload = {'messageFrom': 'John Appleseed'};\nnote.topic = \"<your-app-bundle-id>\";\n```\n\nSend the notification to the API with `send`, which returns a promise.\n\n```javascript\napnProvider.send(note, deviceToken).then( (result) => {\n  // see documentation for an explanation of result\n});\n```\n\nThis will result in the the following notification payload being sent to the device\n\n```json\n{\"messageFrom\":\"John Appelseed\",\"aps\":{\"badge\":3,\"sound\":\"ping.aiff\",\"alert\":\"\\uD83D\\uDCE7 \\u2709 You have a new message\"}}\n```\n\nYou should only create one `Provider` per-process for each certificate/key pair you have. You do not need to create a new `Provider` for each notification. If you are only sending notifications to one app then there is no need for more than one `Provider`.\n\n## Troubleshooting\n\nYou are encouraged to read the extremely informative [Troubleshooting Push Notifications][tn2265] Tech Note in the first instance, in case your query is answered there.\n\n## Support\n\nIf you have any questions or difficulties working with the module, the [node-apn Google group][googlegroup] should be your first port of call.\n\nPlease include as much detail as possible - especially debug logs. If the problem is reproducible, sample code is also extremely helpful. GitHub Issues should only be created for verified problems and enhancements, this will allow them to be tracked more easily.\n\n## Resources\n\n* [Local and Push Notification Programming Guide: APNs Overview][pl]\n* [Apple Technical Note: Troubleshooting Push Notifications][tn2265]\n* [List of Projects, Applications and Companies Using Node-apn][pacapn]\n\n## Credits\n\nCreated by [Andrew Naylor][argon]\n\nThanks to: [Ian Babrou][bobrik], [dgthistle][dgthistle], [Keith Larsen][keithnlarsen], [Mike P][mypark], [Greg Bergé][neoziro], [Asad ur Rehman][AsadR], [Nebojsa Sabovic][nsabovic], [Alberto Gimeno][gimenete], [Randall Tombaugh][rwtombaugh], [Michael Stewart][thegreatmichael], [Olivier Louvignes][mgcrea], [porsager][porsager], [Craig Hockenberry][chockenberry]\n\n## License\n\nReleased under the MIT License\n\n> Copyright (c) 2013 Andrew Naylor\n>\n> Permission is hereby granted, free of charge, to any person obtaining a copy\n> of this software and associated documentation files (the \"Software\"), to deal\n> in the Software without restriction, including without limitation the rights\n> to use, copy, modify, merge, publish, distribute, sublicense, and/or sell\n> copies of the Software, and to permit persons to whom the Software is\n> furnished to do so, subject to the following conditions:\n>\n> The above copyright notice and this permission notice shall be included in\n> all copies or substantial portions of the Software.\n>\n> THE SOFTWARE IS PROVIDED \"AS IS\", WITHOUT WARRANTY OF ANY KIND, EXPRESS OR IMPLIED, INCLUDING BUT NOT LIMITED TO THE WARRANTIES OF MERCHANTABILITY, FITNESS FOR A PARTICULAR PURPOSE AND NONINFRINGEMENT. IN NO EVENT SHALL THE AUTHORS OR COPYRIGHT HOLDERS BE LIABLE FOR ANY CLAIM, DAMAGES OR OTHER LIABILITY, WHETHER IN AN ACTION OF CONTRACT, TORT OR OTHERWISE, ARISING FROM, OUT OF OR IN CONNECTION WITH THE SOFTWARE OR THE USE OR OTHER DEALINGS IN THE SOFTWARE.\n\n[npm]: https://npmjs.org\n[node-apn]: https://github.com/node-apn/node-apn\n[certificateWiki]:https://github.com/node-apn/node-apn/wiki/Preparing-Certificates \"Preparing Certificates\"\n[pl]: https://developer.apple.com/library/content/documentation/NetworkingInternet/Conceptual/RemoteNotificationsPG/APNSOverview.html \"Local and Push Notification Programming Guide: APNs Overview\"\n[tn2265]: http://developer.apple.com/library/ios/#technotes/tn2265/_index.html \"Troubleshooting Push Notifications\"\n[googlegroup]:https://groups.google.com/group/node-apn \"node-apn Google Group\"\n[pacapn]:https://github.com/node-apn/node-apn/wiki/Projects,-Applications,-and-Companies-Using-Node-apn \"List of Projects, Applications and Companies Using node-apn\"\n[argon]: https://github.com/argon\n[bobrik]: https://github.com/bobrik\n[dgthistle]: https://github.com/dgthistle\n[keithnlarsen]: https://github.com/keithnlarsen\n[mypark]: https://github.com/mypark\n[neoziro]: https://github.com/neoziro\n[AsadR]: https://github.com/AsadR\n[nsabovic]: https://github.com/nsabovic\n[gimenete]: https://github.com/gimenete\n[rwtombaugh]: https://github.com/rwtombaugh\n[thegreatmichael]: https://github.com/thegreatmichael\n[mgcrea]: https://github.com/mgcrea\n[porsager]: https://github.com/porsager\n[chockenberry]: https://github.com/chockenberry\n\n","keywords":["apple","push","push notifications","iOS","apns","notifications"],"contributors":[{"name":"Florian Reinhart","email":"florian.reinhart@gmail.com"}],"bugs":{"url":"https://github.com/node-apn/node-apn/issues","email":"florian.reinhart@gmail.com"},"license":"MIT","readmeFilename":"README.md","homepage":"https://github.com/node-apn/node-apn#readme","_attachments":{},"_etag":"\"58e35848-11aa1\""}