{"_id":"async-listener","_rev":"58-6b11c494bdd685c933068db88d5a75c0","name":"async-listener","description":"Polyfill exporting trevnorris's 0.11+ asyncListener API.","dist-tags":{"latest":"0.6.5"},"versions":{"0.0.2":{"name":"async-listener","version":"0.0.2","description":"Polyfill exporting trevnorris's 0.11+ process.addAsynListener API.","author":{"name":"Forrest L Norvell","email":"ogd@aoaioxxysz.net"},"contributors":[{"name":"Tim Caswell","email":"tim@creationix.com"},{"name":"Forrest L Norvell","email":"ogd@aoaioxxysz.net"}],"main":"index.js","scripts":{"test":"tap test/*.tap.js"},"repository":{"type":"git","url":"https://github.com/othiym23/async-listener.git"},"keywords":["polyfill","shim","zesty","crazed","experimental"],"license":"BSD-2-Clause","bugs":{"url":"https://github.com/othiym23/async-listener/issues"},"engines":{"node":"<0.11.7"},"dependencies":{"shimmer":"~0.7"},"devDependencies":{"tap":"~0.4.4"},"_id":"async-listener@0.0.2","dist":{"shasum":"3493b3734aed787b716d35a0c8b5dd1a646bce6a","tarball":"https://registry.npmjs.org/async-listener/-/async-listener-0.0.2.tgz"},"_from":".","_npmVersion":"1.3.9","_npmUser":{"name":"othiym23","email":"ogd@aoaioxxysz.net"},"maintainers":[{"name":"othiym23","email":"ogd@aoaioxxysz.net"}],"directories":{}},"0.0.3":{"name":"async-listener","version":"0.0.3","description":"Polyfill exporting trevnorris's 0.11+ process.addAsynListener API.","author":{"name":"Forrest L Norvell","email":"ogd@aoaioxxysz.net"},"contributors":[{"name":"Tim Caswell","email":"tim@creationix.com"},{"name":"Forrest L Norvell","email":"ogd@aoaioxxysz.net"}],"main":"index.js","scripts":{"test":"tap test/*.tap.js"},"repository":{"type":"git","url":"https://github.com/othiym23/async-listener.git"},"keywords":["polyfill","shim","zesty","crazed","experimental"],"license":"BSD-2-Clause","bugs":{"url":"https://github.com/othiym23/async-listener/issues"},"engines":{"node":"<0.11.7"},"dependencies":{"shimmer":"~0.7"},"devDependencies":{"tap":"~0.4.4"},"_id":"async-listener@0.0.3","dist":{"shasum":"be22d7ac247e2a493bb73b06e7855636bc93f806","tarball":"https://registry.npmjs.org/async-listener/-/async-listener-0.0.3.tgz"},"_from":".","_npmVersion":"1.3.9","_npmUser":{"name":"othiym23","email":"ogd@aoaioxxysz.net"},"maintainers":[{"name":"othiym23","email":"ogd@aoaioxxysz.net"}],"directories":{}},"0.1.1":{"name":"async-listener","version":"0.1.1","description":"Polyfill exporting trevnorris's 0.11+ process.addAsynListener API.","author":{"name":"Forrest L Norvell","email":"ogd@aoaioxxysz.net"},"contributors":[{"name":"Tim Caswell","email":"tim@creationix.com"},{"name":"Forrest L Norvell","email":"ogd@aoaioxxysz.net"}],"main":"index.js","scripts":{"test":"tap test/*.tap.js"},"repository":{"type":"git","url":"https://github.com/othiym23/async-listener.git"},"keywords":["polyfill","shim","zesty","crazed","experimental"],"license":"BSD-2-Clause","bugs":{"url":"https://github.com/othiym23/async-listener/issues"},"engines":{"node":"<0.11.7"},"dependencies":{"shimmer":"~0.7"},"devDependencies":{"tap":"~0.4.4"},"_id":"async-listener@0.1.1","dist":{"shasum":"ca0113275d791dcf401b84fc9a300605df80455a","tarball":"https://registry.npmjs.org/async-listener/-/async-listener-0.1.1.tgz"},"_from":".","_npmVersion":"1.3.8","_npmUser":{"name":"othiym23","email":"ogd@aoaioxxysz.net"},"maintainers":[{"name":"othiym23","email":"ogd@aoaioxxysz.net"}],"directories":{}},"0.1.2":{"name":"async-listener","version":"0.1.2","description":"Polyfill exporting trevnorris's 0.11+ process.addAsynListener API.","author":{"name":"Forrest L Norvell","email":"ogd@aoaioxxysz.net"},"contributors":[{"name":"Tim Caswell","email":"tim@creationix.com"},{"name":"Forrest L Norvell","email":"ogd@aoaioxxysz.net"}],"main":"index.js","scripts":{"test":"tap test/*.tap.js"},"repository":{"type":"git","url":"https://github.com/othiym23/async-listener.git"},"keywords":["polyfill","shim","zesty","crazed","experimental"],"license":"BSD-2-Clause","bugs":{"url":"https://github.com/othiym23/async-listener/issues"},"engines":{"node":"<0.11.7"},"dependencies":{"shimmer":"~0.7"},"devDependencies":{"tap":"~0.4.4"},"_id":"async-listener@0.1.2","dist":{"shasum":"fd3a21f901b9b22488cb6b99edf14b23dc20b622","tarball":"https://registry.npmjs.org/async-listener/-/async-listener-0.1.2.tgz"},"_from":".","_npmVersion":"1.3.11","_npmUser":{"name":"othiym23","email":"ogd@aoaioxxysz.net"},"maintainers":[{"name":"othiym23","email":"ogd@aoaioxxysz.net"}],"directories":{}},"0.2.0":{"name":"async-listener","version":"0.2.0","description":"Polyfill exporting trevnorris's 0.11+ asyncListener API.","author":{"name":"Forrest L Norvell","email":"ogd@aoaioxxysz.net"},"contributors":[{"name":"Tim Caswell","email":"tim@creationix.com"},{"name":"Forrest L Norvell","email":"ogd@aoaioxxysz.net"}],"main":"index.js","scripts":{"test":"tap test/*.tap.js"},"repository":{"type":"git","url":"https://github.com/othiym23/async-listener.git"},"keywords":["polyfill","shim","zesty","crazed","experimental"],"license":"BSD-2-Clause","bugs":{"url":"https://github.com/othiym23/async-listener/issues"},"engines":{"node":"<0.11.7"},"dependencies":{"shimmer":"~0.7"},"devDependencies":{"tap":"~0.4.4"},"_id":"async-listener@0.2.0","dist":{"shasum":"de60c794f61ef45f37e86764cccd2094b15d312d","tarball":"https://registry.npmjs.org/async-listener/-/async-listener-0.2.0.tgz"},"_from":".","_npmVersion":"1.3.11","_npmUser":{"name":"othiym23","email":"ogd@aoaioxxysz.net"},"maintainers":[{"name":"othiym23","email":"ogd@aoaioxxysz.net"}],"directories":{}},"0.2.1":{"name":"async-listener","version":"0.2.1","description":"Polyfill exporting trevnorris's 0.11+ asyncListener API.","author":{"name":"Forrest L Norvell","email":"ogd@aoaioxxysz.net"},"contributors":[{"name":"Tim Caswell","email":"tim@creationix.com"},{"name":"Forrest L Norvell","email":"ogd@aoaioxxysz.net"}],"main":"index.js","scripts":{"test":"tap test/*.tap.js"},"repository":{"type":"git","url":"https://github.com/othiym23/async-listener.git"},"keywords":["polyfill","shim","zesty","crazed","experimental"],"license":"BSD-2-Clause","bugs":{"url":"https://github.com/othiym23/async-listener/issues"},"engines":{"node":"<0.11.7"},"dependencies":{"shimmer":"~0.7"},"devDependencies":{"tap":"~0.4.4"},"_id":"async-listener@0.2.1","dist":{"shasum":"fc43d808b83ddfded1100420a1de55f33ee82a8f","tarball":"https://registry.npmjs.org/async-listener/-/async-listener-0.2.1.tgz"},"_from":".","_npmVersion":"1.3.11","_npmUser":{"name":"othiym23","email":"ogd@aoaioxxysz.net"},"maintainers":[{"name":"othiym23","email":"ogd@aoaioxxysz.net"}],"directories":{}},"0.2.2":{"name":"async-listener","version":"0.2.2","description":"Polyfill exporting trevnorris's 0.11+ asyncListener API.","author":{"name":"Forrest L Norvell","email":"ogd@aoaioxxysz.net"},"contributors":[{"name":"Tim Caswell","email":"tim@creationix.com"},{"name":"Forrest L Norvell","email":"ogd@aoaioxxysz.net"}],"main":"index.js","scripts":{"test":"tap test/*.tap.js"},"repository":{"type":"git","url":"https://github.com/othiym23/async-listener.git"},"keywords":["polyfill","shim","zesty","crazed","experimental"],"license":"BSD-2-Clause","bugs":{"url":"https://github.com/othiym23/async-listener/issues"},"engines":{"node":"<0.11.7"},"dependencies":{"shimmer":"~0.7"},"devDependencies":{"tap":"~0.4.4"},"_id":"async-listener@0.2.2","dist":{"shasum":"0339bf3e6c44709fdec7df3cf14edf079c1fa192","tarball":"https://registry.npmjs.org/async-listener/-/async-listener-0.2.2.tgz"},"_from":".","_npmVersion":"1.3.11","_npmUser":{"name":"othiym23","email":"ogd@aoaioxxysz.net"},"maintainers":[{"name":"othiym23","email":"ogd@aoaioxxysz.net"}],"directories":{}},"0.3.0":{"name":"async-listener","version":"0.3.0","description":"Polyfill exporting trevnorris's 0.11+ asyncListener API.","author":{"name":"Forrest L Norvell","email":"ogd@aoaioxxysz.net"},"contributors":[{"name":"Tim Caswell","email":"tim@creationix.com"},{"name":"Forrest L Norvell","email":"ogd@aoaioxxysz.net"}],"main":"index.js","scripts":{"test":"tap test/*.tap.js"},"repository":{"type":"git","url":"https://github.com/othiym23/async-listener.git"},"keywords":["polyfill","shim","zesty","crazed","experimental"],"license":"BSD-2-Clause","bugs":{"url":"https://github.com/othiym23/async-listener/issues"},"engines":{"node":"<0.11.7"},"dependencies":{"shimmer":"~0.7"},"devDependencies":{"tap":"~0.4.4"},"_id":"async-listener@0.3.0","dist":{"shasum":"7f0968016c7221dff9bea3e2683b90d16da5f81d","tarball":"https://registry.npmjs.org/async-listener/-/async-listener-0.3.0.tgz"},"_from":".","_npmVersion":"1.3.11","_npmUser":{"name":"othiym23","email":"ogd@aoaioxxysz.net"},"maintainers":[{"name":"othiym23","email":"ogd@aoaioxxysz.net"}],"directories":{}},"0.4.0":{"name":"async-listener","version":"0.4.0","description":"Polyfill exporting trevnorris's 0.11+ asyncListener API.","author":{"name":"Forrest L Norvell","email":"ogd@aoaioxxysz.net"},"contributors":[{"name":"Tim Caswell","email":"tim@creationix.com"},{"name":"Forrest L Norvell","email":"ogd@aoaioxxysz.net"}],"main":"index.js","scripts":{"test":"tap test/*.tap.js"},"repository":{"type":"git","url":"https://github.com/othiym23/async-listener.git"},"keywords":["polyfill","shim","zesty","crazed","experimental"],"license":"BSD-2-Clause","bugs":{"url":"https://github.com/othiym23/async-listener/issues"},"engines":{"node":"<0.11.7"},"dependencies":{"shimmer":"~0.7"},"devDependencies":{"tap":"~0.4.4"},"_id":"async-listener@0.4.0","dist":{"shasum":"bbe01d5cd2e2f9fd7825667c8fa2ce4a3bb6264d","tarball":"https://registry.npmjs.org/async-listener/-/async-listener-0.4.0.tgz"},"_from":".","_npmVersion":"1.3.11","_npmUser":{"name":"othiym23","email":"ogd@aoaioxxysz.net"},"maintainers":[{"name":"othiym23","email":"ogd@aoaioxxysz.net"}],"directories":{}},"0.4.1":{"name":"async-listener","version":"0.4.1","description":"Polyfill exporting trevnorris's 0.11+ asyncListener API.","author":{"name":"Forrest L Norvell","email":"ogd@aoaioxxysz.net"},"contributors":[{"name":"Tim Caswell","email":"tim@creationix.com"},{"name":"Forrest L Norvell","email":"ogd@aoaioxxysz.net"}],"main":"index.js","scripts":{"test":"tap test/*.tap.js"},"repository":{"type":"git","url":"https://github.com/othiym23/async-listener.git"},"keywords":["polyfill","shim","zesty","crazed","experimental"],"license":"BSD-2-Clause","bugs":{"url":"https://github.com/othiym23/async-listener/issues"},"engines":{"node":"<0.11.7"},"dependencies":{"shimmer":"~0.7"},"devDependencies":{"tap":"~0.4.4"},"_id":"async-listener@0.4.1","dist":{"shasum":"a9f4a20caf98e8d9089ab2aca7b98e8f6c2e8486","tarball":"https://registry.npmjs.org/async-listener/-/async-listener-0.4.1.tgz"},"_from":".","_npmVersion":"1.3.11","_npmUser":{"name":"othiym23","email":"ogd@aoaioxxysz.net"},"maintainers":[{"name":"othiym23","email":"ogd@aoaioxxysz.net"}],"directories":{}},"0.4.2":{"name":"async-listener","version":"0.4.2","description":"Polyfill exporting trevnorris's 0.11+ asyncListener API.","author":{"name":"Forrest L Norvell","email":"ogd@aoaioxxysz.net"},"contributors":[{"name":"Tim Caswell","email":"tim@creationix.com"},{"name":"Forrest L Norvell","email":"ogd@aoaioxxysz.net"}],"main":"index.js","scripts":{"test":"tap test/*.tap.js"},"repository":{"type":"git","url":"https://github.com/othiym23/async-listener.git"},"keywords":["polyfill","shim","zesty","crazed","experimental"],"license":"BSD-2-Clause","bugs":{"url":"https://github.com/othiym23/async-listener/issues"},"engines":{"node":"<0.11.7"},"dependencies":{"shimmer":"~0.9"},"devDependencies":{"tap":"~0.4.4"},"_id":"async-listener@0.4.2","dist":{"shasum":"0dc9915cc3f1e72671479d429d3550fa5a878624","tarball":"https://registry.npmjs.org/async-listener/-/async-listener-0.4.2.tgz"},"_from":".","_npmVersion":"1.3.11","_npmUser":{"name":"othiym23","email":"ogd@aoaioxxysz.net"},"maintainers":[{"name":"othiym23","email":"ogd@aoaioxxysz.net"}],"directories":{}},"0.4.3":{"name":"async-listener","version":"0.4.3","description":"Polyfill exporting trevnorris's 0.11+ asyncListener API.","author":{"name":"Forrest L Norvell","email":"ogd@aoaioxxysz.net"},"contributors":[{"name":"Tim Caswell","email":"tim@creationix.com"},{"name":"Forrest L Norvell","email":"ogd@aoaioxxysz.net"}],"main":"index.js","scripts":{"test":"tap test/*.tap.js"},"repository":{"type":"git","url":"https://github.com/othiym23/async-listener.git"},"keywords":["polyfill","shim","zesty","crazed","experimental"],"license":"BSD-2-Clause","bugs":{"url":"https://github.com/othiym23/async-listener/issues"},"engines":{"node":"<0.11.7"},"dependencies":{"shimmer":"~0.9"},"devDependencies":{"tap":"~0.4.4"},"_id":"async-listener@0.4.3","dist":{"shasum":"5c8cab57b0704fbe894de4ae0cf7363f9353a87c","tarball":"https://registry.npmjs.org/async-listener/-/async-listener-0.4.3.tgz"},"_from":".","_npmVersion":"1.3.11","_npmUser":{"name":"othiym23","email":"ogd@aoaioxxysz.net"},"maintainers":[{"name":"othiym23","email":"ogd@aoaioxxysz.net"}],"directories":{}},"0.4.4":{"name":"async-listener","version":"0.4.4","description":"Polyfill exporting trevnorris's 0.11+ asyncListener API.","author":{"name":"Forrest L Norvell","email":"ogd@aoaioxxysz.net"},"contributors":[{"name":"Tim Caswell","email":"tim@creationix.com"},{"name":"Forrest L Norvell","email":"ogd@aoaioxxysz.net"}],"main":"index.js","scripts":{"test":"tap test/*.tap.js"},"repository":{"type":"git","url":"https://github.com/othiym23/async-listener.git"},"keywords":["polyfill","shim","zesty","crazed","experimental"],"license":"BSD-2-Clause","bugs":{"url":"https://github.com/othiym23/async-listener/issues"},"engines":{"node":"<=0.11.8"},"dependencies":{"shimmer":"~1"},"devDependencies":{"tap":"~0.4.4"},"homepage":"https://github.com/othiym23/async-listener","_id":"async-listener@0.4.4","dist":{"shasum":"2fa9dd60f072e115680d04db2ca7d29ea462eba8","tarball":"https://registry.npmjs.org/async-listener/-/async-listener-0.4.4.tgz"},"_from":".","_npmVersion":"1.3.14","_npmUser":{"name":"othiym23","email":"ogd@aoaioxxysz.net"},"maintainers":[{"name":"othiym23","email":"ogd@aoaioxxysz.net"}],"directories":{}},"0.4.5":{"name":"async-listener","version":"0.4.5","description":"Polyfill exporting trevnorris's 0.11+ asyncListener API.","author":{"name":"Forrest L Norvell","email":"ogd@aoaioxxysz.net"},"contributors":[{"name":"Tim Caswell","email":"tim@creationix.com"},{"name":"Forrest L Norvell","email":"ogd@aoaioxxysz.net"}],"main":"index.js","scripts":{"test":"tap test/*.tap.js"},"repository":{"type":"git","url":"https://github.com/othiym23/async-listener.git"},"keywords":["polyfill","shim","zesty","crazed","experimental"],"license":"BSD-2-Clause","bugs":{"url":"https://github.com/othiym23/async-listener/issues"},"engines":{"node":"<=0.11.8"},"dependencies":{"shimmer":"1.0.0"},"devDependencies":{"tap":"~0.4.4"},"homepage":"https://github.com/othiym23/async-listener","_id":"async-listener@0.4.5","dist":{"shasum":"ea246828799b39db40af0822f6acd5efbd3044ab","tarball":"https://registry.npmjs.org/async-listener/-/async-listener-0.4.5.tgz"},"_from":".","_npmVersion":"1.3.14","_npmUser":{"name":"othiym23","email":"ogd@aoaioxxysz.net"},"maintainers":[{"name":"othiym23","email":"ogd@aoaioxxysz.net"}],"directories":{}},"0.4.6":{"name":"async-listener","version":"0.4.6","description":"Polyfill exporting trevnorris's 0.11+ asyncListener API.","author":{"name":"Forrest L Norvell","email":"ogd@aoaioxxysz.net"},"contributors":[{"name":"Tim Caswell","email":"tim@creationix.com"},{"name":"Forrest L Norvell","email":"ogd@aoaioxxysz.net"}],"main":"index.js","scripts":{"test":"tap test/*.tap.js"},"repository":{"type":"git","url":"https://github.com/othiym23/async-listener.git"},"keywords":["polyfill","shim","zesty","crazed","experimental"],"license":"BSD-2-Clause","bugs":{"url":"https://github.com/othiym23/async-listener/issues"},"engines":{"node":"<=0.11.8"},"dependencies":{"shimmer":"1.0.0"},"devDependencies":{"tap":"~0.4.4"},"gitHead":"d7a9c03bd6a5429707e7389aaac4f0384207e951","homepage":"https://github.com/othiym23/async-listener","_id":"async-listener@0.4.6","_shasum":"2e182df7e943f0c93782d3d0201fc109317f695c","_from":".","_npmVersion":"2.0.0-alpha-5","_npmUser":{"name":"othiym23","email":"ogd@aoaioxxysz.net"},"maintainers":[{"name":"othiym23","email":"ogd@aoaioxxysz.net"}],"dist":{"shasum":"2e182df7e943f0c93782d3d0201fc109317f695c","tarball":"https://registry.npmjs.org/async-listener/-/async-listener-0.4.6.tgz"},"directories":{}},"0.4.7":{"name":"async-listener","version":"0.4.7","description":"Polyfill exporting trevnorris's 0.11+ asyncListener API.","author":{"name":"Forrest L Norvell","email":"ogd@aoaioxxysz.net"},"contributors":[{"name":"Tim Caswell","email":"tim@creationix.com"},{"name":"Forrest L Norvell","email":"ogd@aoaioxxysz.net"}],"main":"index.js","scripts":{"test":"tap test/*.tap.js"},"repository":{"type":"git","url":"https://github.com/othiym23/async-listener.git"},"keywords":["polyfill","shim","zesty","crazed","experimental"],"license":"BSD-2-Clause","bugs":{"url":"https://github.com/othiym23/async-listener/issues"},"engines":{"node":"<=0.11.8"},"dependencies":{"shimmer":"1.0.0"},"devDependencies":{"tap":"~0.4.4"},"gitHead":"3f5dd46101096d595f73d83d7aa02d0096ed2e5f","homepage":"https://github.com/othiym23/async-listener","_id":"async-listener@0.4.7","_shasum":"0d8e3900b318e2d63c587182211a1eef3bb5bb82","_from":"/Users/ogd/Documents/projects/async-listener","_npmVersion":"2.0.0-alpha-5","_npmUser":{"name":"othiym23","email":"ogd@aoaioxxysz.net"},"maintainers":[{"name":"othiym23","email":"ogd@aoaioxxysz.net"}],"dist":{"shasum":"0d8e3900b318e2d63c587182211a1eef3bb5bb82","tarball":"https://registry.npmjs.org/async-listener/-/async-listener-0.4.7.tgz"},"directories":{}},"0.5.0":{"name":"async-listener","version":"0.5.0","description":"Polyfill exporting trevnorris's 0.11+ asyncListener API.","author":{"name":"Forrest L Norvell","email":"ogd@aoaioxxysz.net"},"contributors":[{"name":"Tim Caswell","email":"tim@creationix.com"},{"name":"Forrest L Norvell","email":"ogd@aoaioxxysz.net"}],"main":"index.js","scripts":{"test":"tap test/*.tap.js"},"repository":{"type":"git","url":"https://github.com/othiym23/async-listener.git"},"keywords":["polyfill","shim","zesty","crazed","experimental"],"license":"BSD-2-Clause","bugs":{"url":"https://github.com/othiym23/async-listener/issues"},"engines":{"node":"<=0.11.8"},"dependencies":{"shimmer":"1.0.0"},"devDependencies":{"tap":"~0.4.4"},"gitHead":"9a728b1b2c4045255c437439895ea91f73c20bfc","homepage":"https://github.com/othiym23/async-listener","_id":"async-listener@0.5.0","_shasum":"dd4a0d5b50ed8c66d63fe599b1b3d15171a7487a","_from":".","_npmVersion":"2.5.1","_nodeVersion":"1.2.0","_npmUser":{"name":"othiym23","email":"ogd@aoaioxxysz.net"},"maintainers":[{"name":"othiym23","email":"ogd@aoaioxxysz.net"}],"dist":{"shasum":"dd4a0d5b50ed8c66d63fe599b1b3d15171a7487a","tarball":"https://registry.npmjs.org/async-listener/-/async-listener-0.5.0.tgz"},"directories":{}},"0.5.1":{"name":"async-listener","version":"0.5.1","description":"Polyfill exporting trevnorris's 0.11+ asyncListener API.","author":{"name":"Forrest L Norvell","email":"ogd@aoaioxxysz.net"},"contributors":[{"name":"Tim Caswell","email":"tim@creationix.com"},{"name":"Forrest L Norvell","email":"ogd@aoaioxxysz.net"}],"main":"index.js","scripts":{"test":"tap test/*.tap.js"},"repository":{"type":"git","url":"https://github.com/othiym23/async-listener.git"},"keywords":["polyfill","shim","zesty","crazed","experimental"],"license":"BSD-2-Clause","bugs":{"url":"https://github.com/othiym23/async-listener/issues"},"engines":{"node":"<=0.11.8 || >0.11.10"},"dependencies":{"shimmer":"1.0.0"},"devDependencies":{"tap":"^0.7.1"},"gitHead":"4d450aee9615f78f5313e55b1ea7719e519a76ad","homepage":"https://github.com/othiym23/async-listener","_id":"async-listener@0.5.1","_shasum":"8532cdea85a31a9db7b29670b39d0dca91d32419","_from":".","_npmVersion":"2.7.0","_nodeVersion":"1.4.3","_npmUser":{"name":"othiym23","email":"ogd@aoaioxxysz.net"},"maintainers":[{"name":"othiym23","email":"ogd@aoaioxxysz.net"}],"dist":{"shasum":"8532cdea85a31a9db7b29670b39d0dca91d32419","tarball":"https://registry.npmjs.org/async-listener/-/async-listener-0.5.1.tgz"},"directories":{}},"0.5.2":{"name":"async-listener","version":"0.5.2","description":"Polyfill exporting trevnorris's 0.11+ asyncListener API.","author":{"name":"Forrest L Norvell","email":"ogd@aoaioxxysz.net"},"contributors":[{"name":"Tim Caswell","email":"tim@creationix.com"},{"name":"Forrest L Norvell","email":"ogd@aoaioxxysz.net"}],"main":"index.js","scripts":{"test":"tap test/*.tap.js"},"repository":{"type":"git","url":"https://github.com/othiym23/async-listener.git"},"keywords":["polyfill","shim","zesty","crazed","experimental"],"license":"BSD-2-Clause","bugs":{"url":"https://github.com/othiym23/async-listener/issues"},"engines":{"node":"<=0.11.8 || >0.11.10"},"dependencies":{"shimmer":"1.0.0"},"devDependencies":{"tap":"^0.7.1"},"gitHead":"946e05824f030d3e7d07aba6e6bba00b886a9ecd","homepage":"https://github.com/othiym23/async-listener#readme","_id":"async-listener@0.5.2","_shasum":"d69e5756129834ba4005d09815535f024b07c9fa","_from":".","_npmVersion":"2.7.6","_nodeVersion":"1.6.3","_npmUser":{"name":"othiym23","email":"ogd@aoaioxxysz.net"},"maintainers":[{"name":"othiym23","email":"ogd@aoaioxxysz.net"}],"dist":{"shasum":"d69e5756129834ba4005d09815535f024b07c9fa","tarball":"https://registry.npmjs.org/async-listener/-/async-listener-0.5.2.tgz"},"directories":{}},"0.5.3":{"name":"async-listener","version":"0.5.3","description":"Polyfill exporting trevnorris's 0.11+ asyncListener API.","author":{"name":"Forrest L Norvell","email":"ogd@aoaioxxysz.net"},"contributors":[{"name":"Tim Caswell","email":"tim@creationix.com"},{"name":"Forrest L Norvell","email":"ogd@aoaioxxysz.net"}],"main":"index.js","scripts":{"test":"tap test/*.tap.js"},"repository":{"type":"git","url":"git+https://github.com/othiym23/async-listener.git"},"keywords":["polyfill","shim","zesty","crazed","experimental"],"license":"BSD-2-Clause","bugs":{"url":"https://github.com/othiym23/async-listener/issues"},"engines":{"node":"<=0.11.8 || >0.11.10"},"dependencies":{"shimmer":"1.0.0"},"devDependencies":{"tap":"^0.7.1"},"gitHead":"4d08034fcd08944d8ccf3dc0d75c95f55fd25d36","homepage":"https://github.com/othiym23/async-listener#readme","_id":"async-listener@0.5.3","_shasum":"693c71f01edd68dfdbd349e8c7ff64fa2b5a7fc7","_from":".","_npmVersion":"2.11.0","_nodeVersion":"2.0.2","_npmUser":{"name":"othiym23","email":"ogd@aoaioxxysz.net"},"dist":{"shasum":"693c71f01edd68dfdbd349e8c7ff64fa2b5a7fc7","tarball":"https://registry.npmjs.org/async-listener/-/async-listener-0.5.3.tgz"},"maintainers":[{"name":"othiym23","email":"ogd@aoaioxxysz.net"}],"directories":{}},"0.5.4":{"name":"async-listener","version":"0.5.4","description":"Polyfill exporting trevnorris's 0.11+ asyncListener API.","author":{"name":"Forrest L Norvell","email":"ogd@aoaioxxysz.net"},"contributors":[{"name":"Tim Caswell","email":"tim@creationix.com"},{"name":"Forrest L Norvell","email":"ogd@aoaioxxysz.net"}],"main":"index.js","scripts":{"test":"tap test/*.tap.js"},"repository":{"type":"git","url":"git+https://github.com/othiym23/async-listener.git"},"keywords":["polyfill","shim","zesty","crazed","experimental"],"license":"BSD-2-Clause","bugs":{"url":"https://github.com/othiym23/async-listener/issues"},"engines":{"node":"<=0.11.8 || >0.11.10"},"dependencies":{"shimmer":"1.0.0"},"devDependencies":{"tap":"^0.7.1"},"gitHead":"1e38db260276ab5d5dfceb2d4eb9ff509916af17","homepage":"https://github.com/othiym23/async-listener#readme","_id":"async-listener@0.5.4","_shasum":"eb672fd64c5eefa0cba3e55c10248b546df9a473","_from":".","_npmVersion":"2.11.1","_nodeVersion":"2.0.2","_npmUser":{"name":"othiym23","email":"ogd@aoaioxxysz.net"},"dist":{"shasum":"eb672fd64c5eefa0cba3e55c10248b546df9a473","tarball":"https://registry.npmjs.org/async-listener/-/async-listener-0.5.4.tgz"},"maintainers":[{"name":"othiym23","email":"ogd@aoaioxxysz.net"}],"deprecated":"published from the wrong branch -- use 0.5.5 instead","directories":{}},"0.5.5":{"name":"async-listener","version":"0.5.5","description":"Polyfill exporting trevnorris's 0.11+ asyncListener API.","author":{"name":"Forrest L Norvell","email":"ogd@aoaioxxysz.net"},"contributors":[{"name":"Tim Caswell","email":"tim@creationix.com"},{"name":"Forrest L Norvell","email":"ogd@aoaioxxysz.net"}],"main":"index.js","scripts":{"test":"tap test/*.tap.js"},"repository":{"type":"git","url":"git+https://github.com/othiym23/async-listener.git"},"keywords":["polyfill","shim","zesty","crazed","experimental"],"license":"BSD-2-Clause","bugs":{"url":"https://github.com/othiym23/async-listener/issues"},"engines":{"node":"<=0.11.8 || >0.11.10"},"dependencies":{"shimmer":"1.0.0"},"devDependencies":{"tap":"^0.7.1"},"gitHead":"cec7b82df8bb14c3343289bcbc09803a6f11a2bd","homepage":"https://github.com/othiym23/async-listener#readme","_id":"async-listener@0.5.5","_shasum":"cd91c7942fe544a2efe471c3699fa366d76ef72b","_from":".","_npmVersion":"2.11.1","_nodeVersion":"2.0.2","_npmUser":{"name":"othiym23","email":"ogd@aoaioxxysz.net"},"dist":{"shasum":"cd91c7942fe544a2efe471c3699fa366d76ef72b","tarball":"https://registry.npmjs.org/async-listener/-/async-listener-0.5.5.tgz"},"maintainers":[{"name":"othiym23","email":"ogd@aoaioxxysz.net"}],"directories":{}},"0.5.6":{"name":"async-listener","version":"0.5.6","description":"Polyfill exporting trevnorris's 0.11+ asyncListener API.","author":{"name":"Forrest L Norvell","email":"ogd@aoaioxxysz.net"},"contributors":[{"name":"Tim Caswell","email":"tim@creationix.com"},{"name":"Forrest L Norvell","email":"ogd@aoaioxxysz.net"}],"main":"index.js","scripts":{"test":"tap test/*.tap.js"},"repository":{"type":"git","url":"git+https://github.com/othiym23/async-listener.git"},"keywords":["polyfill","shim","zesty","crazed","experimental"],"license":"BSD-2-Clause","bugs":{"url":"https://github.com/othiym23/async-listener/issues"},"engines":{"node":"<=0.11.8 || >0.11.10"},"dependencies":{"shimmer":"1.0.0"},"devDependencies":{"tap":"^0.7.1"},"gitHead":"913d799af371d348a739a1e2703ab1ffc42d79b3","homepage":"https://github.com/othiym23/async-listener#readme","_id":"async-listener@0.5.6","_shasum":"0c5f7dfb7d5ba657098f3ca5d7be693f720e09f9","_from":".","_npmVersion":"2.13.3","_nodeVersion":"3.0.0","_npmUser":{"name":"qard","email":"admin@stephenbelanger.com"},"dist":{"shasum":"0c5f7dfb7d5ba657098f3ca5d7be693f720e09f9","tarball":"https://registry.npmjs.org/async-listener/-/async-listener-0.5.6.tgz"},"maintainers":[{"name":"othiym23","email":"ogd@aoaioxxysz.net"},{"name":"qard","email":"admin@stephenbelanger.com"}],"directories":{}},"0.5.7":{"name":"async-listener","version":"0.5.7","description":"Polyfill exporting trevnorris's 0.11+ asyncListener API.","author":{"name":"Forrest L Norvell","email":"ogd@aoaioxxysz.net"},"contributors":[{"name":"Tim Caswell","email":"tim@creationix.com"},{"name":"Forrest L Norvell","email":"ogd@aoaioxxysz.net"}],"main":"index.js","scripts":{"test":"tap test/*.tap.js"},"repository":{"type":"git","url":"git+https://github.com/othiym23/async-listener.git"},"keywords":["polyfill","shim","zesty","crazed","experimental"],"license":"BSD-2-Clause","bugs":{"url":"https://github.com/othiym23/async-listener/issues"},"engines":{"node":"<=0.11.8 || >0.11.10"},"dependencies":{"shimmer":"1.0.0"},"devDependencies":{"tap":"^0.7.1"},"gitHead":"7752e7ff35e462086dd02c399e364c0141101672","homepage":"https://github.com/othiym23/async-listener#readme","_id":"async-listener@0.5.7","_shasum":"3e4aba44fd1275e3235afca36a0b8daa7174f2f7","_from":".","_npmVersion":"3.6.0","_nodeVersion":"5.7.0","_npmUser":{"name":"qard","email":"admin@stephenbelanger.com"},"dist":{"shasum":"3e4aba44fd1275e3235afca36a0b8daa7174f2f7","tarball":"https://registry.npmjs.org/async-listener/-/async-listener-0.5.7.tgz"},"maintainers":[{"name":"othiym23","email":"ogd@aoaioxxysz.net"},{"name":"qard","email":"admin@stephenbelanger.com"}],"_npmOperationalInternal":{"host":"packages-12-west.internal.npmjs.com","tmp":"tmp/async-listener-0.5.7.tgz_1456952530319_0.4470858306158334"},"directories":{}},"0.5.8":{"name":"async-listener","version":"0.5.8","description":"Polyfill exporting trevnorris's 0.11+ asyncListener API.","author":{"name":"Forrest L Norvell","email":"ogd@aoaioxxysz.net"},"contributors":[{"name":"Tim Caswell","email":"tim@creationix.com"},{"name":"Forrest L Norvell","email":"ogd@aoaioxxysz.net"}],"main":"index.js","scripts":{"test":"tap test/*.tap.js"},"repository":{"type":"git","url":"git+https://github.com/othiym23/async-listener.git"},"keywords":["polyfill","shim","zesty","crazed","experimental"],"license":"BSD-2-Clause","bugs":{"url":"https://github.com/othiym23/async-listener/issues"},"engines":{"node":"<=0.11.8 || >0.11.10"},"dependencies":{"shimmer":"1.0.0"},"devDependencies":{"tap":"^0.7.1"},"gitHead":"c3b836dd8e4fd7e73c6ffbb535cab161df213f9f","homepage":"https://github.com/othiym23/async-listener#readme","_id":"async-listener@0.5.8","_shasum":"27ac78bb2c9ed19db0887c51d8f7855e625316fa","_from":".","_npmVersion":"3.6.0","_nodeVersion":"5.7.0","_npmUser":{"name":"qard","email":"admin@stephenbelanger.com"},"dist":{"shasum":"27ac78bb2c9ed19db0887c51d8f7855e625316fa","tarball":"https://registry.npmjs.org/async-listener/-/async-listener-0.5.8.tgz"},"maintainers":[{"name":"othiym23","email":"ogd@aoaioxxysz.net"},{"name":"qard","email":"admin@stephenbelanger.com"}],"_npmOperationalInternal":{"host":"packages-13-west.internal.npmjs.com","tmp":"tmp/async-listener-0.5.8.tgz_1457473347750_0.11655182694084942"},"directories":{}},"0.6.0":{"name":"async-listener","version":"0.6.0","description":"Polyfill exporting trevnorris's 0.11+ asyncListener API.","author":{"name":"Forrest L Norvell","email":"ogd@aoaioxxysz.net"},"contributors":[{"name":"Tim Caswell","email":"tim@creationix.com"},{"name":"Forrest L Norvell","email":"ogd@aoaioxxysz.net"}],"main":"index.js","scripts":{"test":"tap test/*.tap.js"},"repository":{"type":"git","url":"git+https://github.com/othiym23/async-listener.git"},"keywords":["polyfill","shim","zesty","crazed","experimental"],"license":"BSD-2-Clause","bugs":{"url":"https://github.com/othiym23/async-listener/issues"},"engines":{"node":"<=0.11.8 || >0.11.10"},"dependencies":{"shimmer":"1.0.0"},"devDependencies":{"tap":"^0.7.1"},"gitHead":"0c2e2eca492e8fa6d4534e03e164fe6f9efdf565","homepage":"https://github.com/othiym23/async-listener#readme","_id":"async-listener@0.6.0","_shasum":"b8de1e7a687051c05f2a778d007ba2be18bb8023","_from":".","_npmVersion":"3.7.3","_nodeVersion":"5.9.0","_npmUser":{"name":"qard","email":"admin@stephenbelanger.com"},"dist":{"shasum":"b8de1e7a687051c05f2a778d007ba2be18bb8023","tarball":"https://registry.npmjs.org/async-listener/-/async-listener-0.6.0.tgz"},"maintainers":[{"name":"othiym23","email":"ogd@aoaioxxysz.net"},{"name":"qard","email":"admin@stephenbelanger.com"}],"_npmOperationalInternal":{"host":"packages-12-west.internal.npmjs.com","tmp":"tmp/async-listener-0.6.0.tgz_1458335063575_0.9224371297750622"},"directories":{}},"0.6.1":{"name":"async-listener","version":"0.6.1","description":"Polyfill exporting trevnorris's 0.11+ asyncListener API.","author":{"name":"Forrest L Norvell","email":"ogd@aoaioxxysz.net"},"contributors":[{"name":"Tim Caswell","email":"tim@creationix.com"},{"name":"Forrest L Norvell","email":"ogd@aoaioxxysz.net"}],"main":"index.js","scripts":{"test":"tap test/*.tap.js"},"repository":{"type":"git","url":"git+https://github.com/othiym23/async-listener.git"},"keywords":["polyfill","shim","zesty","crazed","experimental"],"license":"BSD-2-Clause","bugs":{"url":"https://github.com/othiym23/async-listener/issues"},"engines":{"node":"<=0.11.8 || >0.11.10"},"dependencies":{"shimmer":"1.0.0"},"devDependencies":{"tap":"^0.7.1"},"gitHead":"ac8e8008223c821d181dabb84b231715bcd99fc5","homepage":"https://github.com/othiym23/async-listener#readme","_id":"async-listener@0.6.1","_shasum":"fba2849b1c3f4be5a8c8994640cf91f14d72165a","_from":".","_npmVersion":"3.10.3","_nodeVersion":"6.3.0","_npmUser":{"name":"qard","email":"admin@stephenbelanger.com"},"dist":{"shasum":"fba2849b1c3f4be5a8c8994640cf91f14d72165a","tarball":"https://registry.npmjs.org/async-listener/-/async-listener-0.6.1.tgz"},"maintainers":[{"name":"othiym23","email":"ogd@aoaioxxysz.net"},{"name":"qard","email":"admin@stephenbelanger.com"}],"_npmOperationalInternal":{"host":"packages-12-west.internal.npmjs.com","tmp":"tmp/async-listener-0.6.1.tgz_1469039316958_0.05739060719497502"},"directories":{}},"0.6.2":{"name":"async-listener","version":"0.6.2","description":"Polyfill exporting trevnorris's 0.11+ asyncListener API.","author":{"name":"Forrest L Norvell","email":"ogd@aoaioxxysz.net"},"contributors":[{"name":"Tim Caswell","email":"tim@creationix.com"},{"name":"Forrest L Norvell","email":"ogd@aoaioxxysz.net"}],"main":"index.js","scripts":{"test":"tap test/*.tap.js"},"repository":{"type":"git","url":"git+https://github.com/othiym23/async-listener.git"},"keywords":["polyfill","shim","zesty","crazed","experimental"],"license":"BSD-2-Clause","bugs":{"url":"https://github.com/othiym23/async-listener/issues"},"engines":{"node":"<=0.11.8 || >0.11.10"},"dependencies":{"shimmer":"1.0.0"},"devDependencies":{"tap":"^0.7.1"},"gitHead":"cf447891cedef8a07bc91f3d912e1b5dddb461a0","homepage":"https://github.com/othiym23/async-listener#readme","_id":"async-listener@0.6.2","_shasum":"8e8c81b219d6e7927dea43f079a831026fe9ad5a","_from":".","_npmVersion":"3.10.3","_nodeVersion":"6.3.0","_npmUser":{"name":"qard","email":"admin@stephenbelanger.com"},"dist":{"shasum":"8e8c81b219d6e7927dea43f079a831026fe9ad5a","tarball":"https://registry.npmjs.org/async-listener/-/async-listener-0.6.2.tgz"},"maintainers":[{"name":"othiym23","email":"ogd@aoaioxxysz.net"},{"name":"qard","email":"admin@stephenbelanger.com"}],"_npmOperationalInternal":{"host":"packages-16-east.internal.npmjs.com","tmp":"tmp/async-listener-0.6.2.tgz_1469123623024_0.36425803462043405"},"directories":{}},"0.6.3":{"name":"async-listener","version":"0.6.3","description":"Polyfill exporting trevnorris's 0.11+ asyncListener API.","author":{"name":"Forrest L Norvell","email":"ogd@aoaioxxysz.net"},"contributors":[{"name":"Tim Caswell","email":"tim@creationix.com"},{"name":"Forrest L Norvell","email":"ogd@aoaioxxysz.net"}],"main":"index.js","scripts":{"test":"tap test/*.tap.js"},"repository":{"type":"git","url":"git+https://github.com/othiym23/async-listener.git"},"keywords":["polyfill","shim","zesty","crazed","experimental"],"license":"BSD-2-Clause","bugs":{"url":"https://github.com/othiym23/async-listener/issues"},"engines":{"node":"<=0.11.8 || >0.11.10"},"dependencies":{"shimmer":"1.0.0"},"devDependencies":{"tap":"^0.7.1"},"gitHead":"e1fd8da1282a24d5089ebde9aa14dde4271bfc42","homepage":"https://github.com/othiym23/async-listener#readme","_id":"async-listener@0.6.3","_shasum":"1f6521501b9d1c4e6c7a13d404f756b0900371b8","_from":".","_npmVersion":"2.15.1","_nodeVersion":"0.10.46","_npmUser":{"name":"qard","email":"admin@stephenbelanger.com"},"dist":{"shasum":"1f6521501b9d1c4e6c7a13d404f756b0900371b8","tarball":"https://registry.npmjs.org/async-listener/-/async-listener-0.6.3.tgz"},"maintainers":[{"name":"othiym23","email":"ogd@aoaioxxysz.net"},{"name":"qard","email":"admin@stephenbelanger.com"}],"_npmOperationalInternal":{"host":"packages-16-east.internal.npmjs.com","tmp":"tmp/async-listener-0.6.3.tgz_1469482714192_0.5570265115238726"},"directories":{}},"0.6.4":{"name":"async-listener","version":"0.6.4","description":"Polyfill exporting trevnorris's 0.11+ asyncListener API.","author":{"name":"Forrest L Norvell","email":"ogd@aoaioxxysz.net"},"contributors":[{"name":"Tim Caswell","email":"tim@creationix.com"},{"name":"Forrest L Norvell","email":"ogd@aoaioxxysz.net"}],"main":"index.js","scripts":{"test":"tap test/*.tap.js"},"repository":{"type":"git","url":"git+https://github.com/othiym23/async-listener.git"},"keywords":["polyfill","shim","zesty","crazed","experimental"],"license":"BSD-2-Clause","bugs":{"url":"https://github.com/othiym23/async-listener/issues"},"engines":{"node":"<=0.11.8 || >0.11.10"},"dependencies":{"semver":"^5.3.0","shimmer":"^1.1.0"},"devDependencies":{"tap":"^0.7.1"},"gitHead":"d164899de7dd94d8f00c11696a61b24d23676f8e","homepage":"https://github.com/othiym23/async-listener#readme","_id":"async-listener@0.6.4","_shasum":"7c93d904f69021ac10e1339eb4a4acb5aea4cd06","_from":".","_npmVersion":"4.4.1","_nodeVersion":"7.7.2","_npmUser":{"name":"othiym23","email":"ogd@aoaioxxysz.net"},"dist":{"shasum":"7c93d904f69021ac10e1339eb4a4acb5aea4cd06","tarball":"https://registry.npmjs.org/async-listener/-/async-listener-0.6.4.tgz"},"maintainers":[{"name":"othiym23","email":"ogd@aoaioxxysz.net"},{"name":"qard","email":"admin@stephenbelanger.com"}],"_npmOperationalInternal":{"host":"packages-12-west.internal.npmjs.com","tmp":"tmp/async-listener-0.6.4.tgz_1489173914997_0.8969389325939119"},"directories":{}},"0.6.5":{"name":"async-listener","version":"0.6.5","description":"Polyfill exporting trevnorris's 0.11+ asyncListener API.","author":{"name":"Forrest L Norvell","email":"ogd@aoaioxxysz.net"},"contributors":[{"name":"Tim Caswell","email":"tim@creationix.com"},{"name":"Forrest L Norvell","email":"ogd@aoaioxxysz.net"}],"main":"index.js","scripts":{"test":"tap test/*.tap.js"},"repository":{"type":"git","url":"git+https://github.com/othiym23/async-listener.git"},"keywords":["polyfill","shim","zesty","crazed","experimental"],"license":"BSD-2-Clause","bugs":{"url":"https://github.com/othiym23/async-listener/issues"},"engines":{"node":"<=0.11.8 || >0.11.10"},"dependencies":{"semver":"^5.3.0","shimmer":"^1.1.0"},"devDependencies":{"tap":"^0.7.1"},"gitHead":"97d0fc92507058568fe78a34dcd88760a77aae07","homepage":"https://github.com/othiym23/async-listener#readme","_id":"async-listener@0.6.5","_shasum":"2c899d49a5e8a2dea10b9473915b4149206a1d68","_from":".","_npmVersion":"4.5.0","_nodeVersion":"7.8.0","_npmUser":{"name":"othiym23","email":"ogd@aoaioxxysz.net"},"dist":{"shasum":"2c899d49a5e8a2dea10b9473915b4149206a1d68","tarball":"https://registry.npmjs.org/async-listener/-/async-listener-0.6.5.tgz"},"maintainers":[{"name":"othiym23","email":"ogd@aoaioxxysz.net"},{"name":"qard","email":"admin@stephenbelanger.com"}],"_npmOperationalInternal":{"host":"packages-18-east.internal.npmjs.com","tmp":"tmp/async-listener-0.6.5.tgz_1491502686238_0.2483624357264489"},"directories":{}}},"readme":"[![NPM](https://nodei.co/npm/async-listener.png?downloads=true&stars=true)](https://nodei.co/npm/async-listener/)\n\n# process.addAsyncListener polyfill\n\nThis is an implementation of Trevor Norris's\nprocess.{addAsyncListener,removeAsyncListener} API for adding behavior to async\ncalls. You can see his implementation (currently a work in progress) on\n[Node.js core pull request #6011](https://github.com/joyent/node/pull/6011).\nThis polyfill / shim is intended for use in versions of Node prior to whatever\nversion of Node in which Trevor's changes finally land (anticipated at the time\nof this writing as 0.11.7).\n\nHere's his documentation of the intended API, which will probably get cleaned up\nhere later:\n\n## createAsyncListener(callbacks[, initialStorage])\n\n* `callbacks` {Object}\n* `initialStorage` {Value}\n\nReturns a constructed `AsyncListener` object. Which can then be passed to\n`process.addAsyncListener()` and `process.removeAsyncListener()`. Each\nfunction parameter is as follows:\n\n1. `callbacks`: An `Object` which may contain four optional fields:\n   * `create`: A `function (storage)` that is called when an asynchronous event\n     is queued. Recives the `storage` attached to the listner. `storage` can be\n     created by passing an `initialStorage` argument during costruction, or by\n     returning a `Value` from `create` which will be attached to the listner\n     and overwrite the `initialStorage`.\n   * `before`: A `function (context, storage)` that is called immediately\n     before the asynchronous callback is about to run. It will be passed both\n     the `context` (i.e. `this`) of the calling function and the `storage`.\n   * `after`: A `function (context, storage)` called immediately after the\n     asynchronous event's callback is run. Note that if the event's callback\n     throws during execution this will not be called.\n   * `error`: A `function (storage, error)` called if the event's callback\n     threw. If `error` returns `true` then Node will assume the error has been\n     properly handled and resume execution normally.\n1. `initialStorage`: A `Value` (i.e. anything) that will be, by default,\n   attached to all new event instances. This will be overwritten if a `Value`\n   is returned by `create()`.\n\n\n## addAsyncListener(callbacks[, initialStorage])\n## addAsyncListener(asyncListener)\n\nReturns a constructed `AsyncListener` object and immediately adds it to the\nlistening queue.\n\n## removeAsyncListener(asyncListener)\n\nRemoves the `asyncListener` from the listening queue.\n","maintainers":[{"name":"othiym23","email":"ogd@aoaioxxysz.net"},{"name":"qard","email":"admin@stephenbelanger.com"}],"time":{"modified":"2017-04-06T18:18:08.300Z","created":"2013-09-02T01:13:51.889Z","0.0.2":"2013-09-02T01:13:54.149Z","0.0.3":"2013-09-04T05:21:25.456Z","0.1.1":"2013-09-27T06:26:22.403Z","0.1.2":"2013-10-01T00:34:03.289Z","0.2.0":"2013-10-01T22:33:34.220Z","0.2.1":"2013-10-01T22:48:34.276Z","0.2.2":"2013-10-11T08:28:45.322Z","0.3.0":"2013-10-12T08:29:19.031Z","0.4.0":"2013-10-13T21:10:32.028Z","0.4.1":"2013-10-16T06:55:00.914Z","0.4.2":"2013-10-28T06:55:55.634Z","0.4.3":"2013-10-31T00:54:50.694Z","0.4.4":"2013-11-30T02:45:13.756Z","0.4.5":"2013-12-07T09:01:31.584Z","0.4.6":"2014-07-24T22:55:20.176Z","0.4.7":"2014-07-28T23:51:19.655Z","0.5.0":"2015-02-19T00:20:38.008Z","0.5.1":"2015-03-07T16:58:55.625Z","0.5.2":"2015-04-08T00:23:08.874Z","0.5.3":"2015-05-26T22:10:43.505Z","0.5.4":"2015-05-30T12:55:35.607Z","0.5.5":"2015-05-30T13:26:25.771Z","0.5.6":"2015-08-04T23:25:38.075Z","0.5.7":"2016-03-02T21:02:14.043Z","0.5.8":"2016-03-08T21:42:32.211Z","0.6.0":"2016-03-18T21:04:26.251Z","0.6.1":"2016-07-20T18:28:38.804Z","0.6.2":"2016-07-21T17:53:45.015Z","0.6.3":"2016-07-25T21:38:37.675Z","0.6.4":"2017-03-10T19:25:15.243Z","0.6.5":"2017-04-06T18:18:08.300Z"},"author":{"name":"Forrest L Norvell","email":"ogd@aoaioxxysz.net"},"repository":{"type":"git","url":"git+https://github.com/othiym23/async-listener.git"},"users":{"mildfuzz":true,"jokeyrhyme":true,"fourq":true,"bsnote":true,"detj":true},"homepage":"https://github.com/othiym23/async-listener#readme","keywords":["polyfill","shim","zesty","crazed","experimental"],"contributors":[{"name":"Tim Caswell","email":"tim@creationix.com"},{"name":"Forrest L Norvell","email":"ogd@aoaioxxysz.net"}],"bugs":{"url":"https://github.com/othiym23/async-listener/issues"},"license":"BSD-2-Clause","readmeFilename":"README.md","_attachments":{},"_etag":"\"58e68660-a7c2\""}