{"_id":"amp","_rev":"14-6f6683e739523d71b0204cfe27254bfc","name":"amp","description":"Abstract messaging protocol","dist-tags":{"latest":"0.3.1"},"versions":{"0.0.1":{"name":"amp","version":"0.0.1","repository":{"type":"git","url":"visionmedia/amp"},"description":"Abstract messaging protocol","keywords":["amp","actor","message","messaging","zmq","zeromq"],"dependencies":{},"files":["index.js","lib/*.js"],"devDependencies":{"matcha":"~0.4.0","mocha":"*","should":"*"},"license":"MIT","_id":"amp@0.0.1","dist":{"shasum":"357c2330933777efb945260a98b4242a2a785530","tarball":"https://registry.npmjs.org/amp/-/amp-0.0.1.tgz"},"_from":".","_npmVersion":"1.3.8","_npmUser":{"name":"tjholowaychuk","email":"tj@vision-media.ca"},"maintainers":[{"name":"tjholowaychuk","email":"tj@vision-media.ca"}],"directories":{}},"0.1.0":{"name":"amp","version":"0.1.0","repository":{"type":"git","url":"visionmedia/node-amp"},"description":"Abstract messaging protocol","keywords":["amp","actor","message","messaging","zmq","zeromq"],"dependencies":{},"files":["index.js","lib/*.js"],"devDependencies":{"matcha":"~0.4.0","mocha":"*","should":"*"},"license":"MIT","_id":"amp@0.1.0","dist":{"shasum":"d6af88b230c1adf2578c59a03c00e7f489d4a1a6","tarball":"https://registry.npmjs.org/amp/-/amp-0.1.0.tgz"},"_from":".","_npmVersion":"1.3.8","_npmUser":{"name":"tjholowaychuk","email":"tj@vision-media.ca"},"maintainers":[{"name":"tjholowaychuk","email":"tj@vision-media.ca"}],"directories":{}},"0.2.0":{"name":"amp","version":"0.2.0","repository":{"type":"git","url":"visionmedia/node-amp"},"description":"Abstract messaging protocol","keywords":["amp","actor","message","messaging","zmq","zeromq"],"dependencies":{},"files":["index.js","lib/*.js"],"devDependencies":{"matcha":"~0.4.0","mocha":"*","should":"*"},"license":"MIT","_id":"amp@0.2.0","dist":{"shasum":"fcfae336e8b37d80d72e320e5b35e621ab305fd3","tarball":"https://registry.npmjs.org/amp/-/amp-0.2.0.tgz"},"_from":".","_npmVersion":"1.3.8","_npmUser":{"name":"tjholowaychuk","email":"tj@vision-media.ca"},"maintainers":[{"name":"tjholowaychuk","email":"tj@vision-media.ca"}],"directories":{}},"0.3.0":{"name":"amp","version":"0.3.0","repository":{"type":"git","url":"visionmedia/node-amp"},"description":"Abstract messaging protocol","keywords":["amp","actor","message","messaging","zmq","zeromq"],"dependencies":{},"files":["index.js","lib/*.js"],"devDependencies":{"matcha":"~0.4.0","mocha":"*","should":"*"},"license":"MIT","_id":"amp@0.3.0","dist":{"shasum":"8b85ee2ec7672c8c69638814952ba6c8a3bd674c","tarball":"https://registry.npmjs.org/amp/-/amp-0.3.0.tgz"},"_from":".","_npmVersion":"1.3.8","_npmUser":{"name":"tjholowaychuk","email":"tj@vision-media.ca"},"maintainers":[{"name":"tjholowaychuk","email":"tj@vision-media.ca"}],"directories":{}},"0.3.1":{"name":"amp","version":"0.3.1","repository":{"type":"git","url":"git://github.com/visionmedia/node-amp"},"description":"Abstract messaging protocol","keywords":["amp","actor","message","messaging","zmq","zeromq"],"dependencies":{},"files":["index.js","lib/*.js"],"devDependencies":{"matcha":"~0.4.0","mocha":"*","should":"*"},"license":"MIT","bugs":{"url":"https://github.com/visionmedia/node-amp/issues"},"homepage":"https://github.com/visionmedia/node-amp","_id":"amp@0.3.1","dist":{"shasum":"6adf8d58a74f361e82c1fa8d389c079e139fc47d","tarball":"https://registry.npmjs.org/amp/-/amp-0.3.1.tgz"},"_from":".","_npmVersion":"1.3.13","_npmUser":{"name":"tjholowaychuk","email":"tj@vision-media.ca"},"maintainers":[{"name":"tjholowaychuk","email":"tj@vision-media.ca"}],"directories":{}}},"readme":"\n# amp\n\n  Abstract Message Protocol codec and streaming parser for nodejs.\n\n## Installation\n\n```\n$ npm install amp\n```\n\n## Example\n\n```js\nvar bin = amp.encode([new Buffer('hello'), new Buffer('world')]);\nvar msg = amp.decode(bin);\nconsole.log(msg);\n```\n\n## Protocol\n\n  AMP is a simple versioned protocol for framed messages containing\n  zero or more \"arguments\". Each argument is opaque binary, thus you\n  may use JSON, BSON, msgpack and others on top of AMP. Multiple argument\n  support is used to allow a hybrid of binary/non-binary message args without\n  requiring higher level serialization libraries like msgpack or BSON.\n\n  All multi-byte integers are big endian. The `version` and `argc` integers\n  are stored in the first byte, followed by a sequence of zero or more\n  `<length>` / `<data>` pairs, where `length` is a 32-bit unsigned integer.\n\n```\n      0        1 2 3 4     <length>    ...\n+------------+----------+------------+\n| <ver/argc> | <length> | <data>     | additional arguments\n+------------+----------+------------+\n```\n\n# License\n\n  MIT","maintainers":[{"name":"tjholowaychuk","email":"tj@vision-media.ca"},{"name":"qard","email":"admin@stephenbelanger.com"}],"time":{"modified":"2016-11-01T21:43:28.762Z","created":"2013-10-28T02:28:03.847Z","0.0.1":"2013-10-28T02:28:05.133Z","0.1.0":"2013-10-28T20:44:46.624Z","0.2.0":"2013-10-30T19:38:15.611Z","0.3.0":"2013-10-31T01:10:27.897Z","0.3.1":"2013-11-13T20:05:43.197Z"},"repository":{"type":"git","url":"git://github.com/visionmedia/node-amp"},"users":{"werle":true,"kkuehl":true},"homepage":"https://github.com/visionmedia/node-amp","keywords":["amp","actor","message","messaging","zmq","zeromq"],"bugs":{"url":"https://github.com/visionmedia/node-amp/issues"},"license":"MIT","readmeFilename":"Readme.md","_attachments":{},"_etag":"\"58190c80-1538\""}