{"_id":"amp-message","_rev":"12-60b0ee58e1ca75a42eb2ca4e922f6e45","name":"amp-message","description":"Higher level Message object for the AMP protocol","dist-tags":{"latest":"0.1.2"},"versions":{"0.0.1":{"name":"amp-message","version":"0.0.1","repository":{"type":"git","url":"visionmedia/node-amp-message"},"description":"Higher level Message object for the AMP protocol","keywords":["amp","actor","message","messaging","zmq","zeromq"],"dependencies":{"amp":"~0.1.0"},"files":["index.js"],"devDependencies":{"matcha":"~0.4.0","mocha":"*","should":"*"},"license":"MIT","_id":"amp-message@0.0.1","dist":{"shasum":"e44926483dd38d2daacd93310af602bf82c5ad03","tarball":"https://registry.npmjs.org/amp-message/-/amp-message-0.0.1.tgz"},"_from":".","_npmVersion":"1.3.8","_npmUser":{"name":"tjholowaychuk","email":"tj@vision-media.ca"},"maintainers":[{"name":"tjholowaychuk","email":"tj@vision-media.ca"}],"directories":{}},"0.1.0":{"name":"amp-message","version":"0.1.0","repository":{"type":"git","url":"visionmedia/node-amp-message"},"description":"Higher level Message object for the AMP protocol","keywords":["amp","actor","message","messaging","zmq","zeromq"],"dependencies":{"amp":"0.3.0"},"files":["index.js"],"devDependencies":{"matcha":"~0.4.0","mocha":"*","should":"*"},"license":"MIT","_id":"amp-message@0.1.0","dist":{"shasum":"04516c189571f3c9c049246e4d65eb2a4679b496","tarball":"https://registry.npmjs.org/amp-message/-/amp-message-0.1.0.tgz"},"_from":".","_npmVersion":"1.3.8","_npmUser":{"name":"tjholowaychuk","email":"tj@vision-media.ca"},"maintainers":[{"name":"tjholowaychuk","email":"tj@vision-media.ca"}],"directories":{}},"0.1.1":{"name":"amp-message","version":"0.1.1","repository":{"type":"git","url":"git://github.com/visionmedia/node-amp-message"},"description":"Higher level Message object for the AMP protocol","keywords":["amp","actor","message","messaging","zmq","zeromq"],"dependencies":{"amp":"0.3.1"},"files":["index.js"],"devDependencies":{"matcha":"~0.4.0","mocha":"*","should":"*"},"license":"MIT","bugs":{"url":"https://github.com/visionmedia/node-amp-message/issues"},"homepage":"https://github.com/visionmedia/node-amp-message","_id":"amp-message@0.1.1","dist":{"shasum":"96f93f5582366d067585febd0887a0f2edf7b9b2","tarball":"https://registry.npmjs.org/amp-message/-/amp-message-0.1.1.tgz"},"_from":".","_npmVersion":"1.3.13","_npmUser":{"name":"tjholowaychuk","email":"tj@vision-media.ca"},"maintainers":[{"name":"tjholowaychuk","email":"tj@vision-media.ca"}],"directories":{}},"0.1.2":{"name":"amp-message","version":"0.1.2","repository":{"type":"git","url":"git://github.com/visionmedia/node-amp-message"},"description":"Higher level Message object for the AMP protocol","keywords":["amp","actor","message","messaging","zmq","zeromq"],"dependencies":{"amp":"0.3.1"},"files":["index.js"],"devDependencies":{"matcha":"~0.4.0","mocha":"*","should":"*"},"license":"MIT","bugs":{"url":"https://github.com/visionmedia/node-amp-message/issues"},"homepage":"https://github.com/visionmedia/node-amp-message","_id":"amp-message@0.1.2","dist":{"shasum":"a78f1c98995087ad36192a41298e4db49e3dfc45","tarball":"https://registry.npmjs.org/amp-message/-/amp-message-0.1.2.tgz"},"_from":".","_npmVersion":"1.3.15","_npmUser":{"name":"tjholowaychuk","email":"tj@vision-media.ca"},"maintainers":[{"name":"tjholowaychuk","email":"tj@vision-media.ca"}],"directories":{}}},"readme":"\n# amp-message\n\n  High level [AMP](https://github.com/visionmedia/node-amp) `Message` implementation for manipulating, encoding and decoding AMP messages.\n\n## Installation\n\n```\n$ npm install amp-message\n```\n\n## Example\n\n  Encoding a message:\n\n```js\nvar Message = require('amp-message');\n\nvar msg = new Message;\n\nconsole.log(msg.toBuffer());\n// => <Buffer 10>\n\nmsg.push('foo');\nmsg.push('bar');\nmsg.push('baz');\nconsole.log(msg.toBuffer());\n// => <Buffer 13 00 05 73 3a 66 6f 6f 00 05 73 3a 62 61 72 00 05 73 3a 62 61 7a>\n\nmsg.push({ foo: 'bar' });\nconsole.log(msg.toBuffer());\n// => <Buffer 14 00 05 73 3a 66 6f 6f 00 05 73 3a 62 61 72 00 05 73 3a 62 61 7a 00 0f 6a 3a 7b 22 66 6f 6f 22 3a 22 62 61 72 22 7d>\n\nmsg.push(new Buffer('image data'));\nconsole.log(msg.toBuffer());\n// => <Buffer 15 00 05 73 3a 66 6f 6f 00 05 73 3a 62 61 72 00 05 73 3a 62 61 7a 00 0f 6a 3a 7b 22 66 6f 6f 22 3a 22 62 61 72 22 7d 00 0a 69 6d 61 67 65 20 64 61 74 ... >\n```\n\n  Decoding a message:\n\n```js\nvar Message = require('..');\n\nvar msg = new Message;\n\nmsg.push('foo')\nmsg.push({ hello: 'world' })\nmsg.push(new Buffer('hello'))\n\nvar other = new Message(msg.toBuffer());\n\nconsole.log(other.shift());\nconsole.log(other.shift());\nconsole.log(other.shift());\n```\n\n## API\n\n### Message\n\n  Initialize an empty message.\n\n### Message(buffer)\n\n  Decode the `buffer` AMP message to populate the `Message`.\n\n### Message(args)\n\n  Initialize a messeage populated with `args`.\n\n# License\n\n  MIT","maintainers":[{"name":"tjholowaychuk","email":"tj@vision-media.ca"},{"name":"qard","email":"admin@stephenbelanger.com"}],"time":{"modified":"2014-07-04T20:15:04.328Z","created":"2013-10-30T19:05:19.659Z","0.0.1":"2013-10-30T19:05:21.308Z","0.1.0":"2013-10-31T01:12:26.036Z","0.1.1":"2013-11-13T20:06:29.508Z","0.1.2":"2014-03-28T20:07:05.176Z"},"repository":{"type":"git","url":"git://github.com/visionmedia/node-amp-message"},"homepage":"https://github.com/visionmedia/node-amp-message","keywords":["amp","actor","message","messaging","zmq","zeromq"],"bugs":{"url":"https://github.com/visionmedia/node-amp-message/issues"},"license":"MIT","readmeFilename":"Readme.md","_attachments":{},"_etag":"\"53b70b48-15f2\""}