{"name":"commander","version":"2.7.1","description":"the complete solution for node.js command-line programs","keywords":["command","option","parser"],"author":{"name":"TJ Holowaychuk","email":"tj@vision-media.ca"},"license":"MIT","repository":{"type":"git","url":"https://github.com/tj/commander.js.git"},"devDependencies":{"should":">= 0.0.1"},"scripts":{"test":"make test"},"main":"index","engines":{"node":">= 0.6.x"},"files":["index.js"],"dependencies":{"graceful-readlink":">= 1.0.0"},"gitHead":"103654f8f32c010ad1e62cefc9ab92d7c8d18c8e","bugs":{"url":"https://github.com/tj/commander.js/issues"},"homepage":"https://github.com/tj/commander.js","_id":"commander@2.7.1","_shasum":"5d419a2bbed2c32ee3e4dca9bb45ab83ecc3065a","_from":".","_npmVersion":"2.1.17","_nodeVersion":"0.11.14","_npmUser":{"name":"zhiyelee","email":"zhiyelee@gmail.com"},"maintainers":[{"name":"tjholowaychuk","email":"tj@vision-media.ca"},{"name":"somekittens","email":"rkoutnik@gmail.com"},{"name":"zhiyelee","email":"zhiyelee@gmail.com"},{"name":"thethomaseffect","email":"thethomaseffect@gmail.com"}],"dist":{"shasum":"5d419a2bbed2c32ee3e4dca9bb45ab83ecc3065a","tarball":"http://registry.npmjs.org/commander/-/commander-2.7.1.tgz"},"directories":{},"_etag":"\"DTDCG6HGQBNGW7W8JPM13KIO6\""}